Health System,Outpatient Facility Name,Sending Facility Identifier (MSH-4.1^MSH-4.2),
Henry Ford Health System,Henry Ford Cottage Clinic,2.16.840.1.113883.3.3823.101014^2.16.840.1.113883.3.3823,
Henry Ford Health System,HFHN Borgess,2.16.840.1.113883.3.3823.101063^2.16.840.1.113883.3.3823,
Henry Ford Health System,HFHS Community Connect Cardiovascular Institute of Michigan Practice - Clinton Twp.,2.16.840.1.113883.3.3823.213002^2.16.840.1.113883.3.3823,
Henry Ford Health System,Henry Ford Kingswood,2.16.840.1.113883.3.3823.103^2.16.840.1.113883.3.3823,
Henry Ford Health System,Henry Ford Fairlane Clinic,2.16.840.1.113883.3.3823.1010181^2.16.840.1.113883.3.3823,
Henry Ford Health System,Henry Ford Sterling Heights,2.16.840.1.113883.3.3823.101032^2.16.840.1.113883.3.3823,
Henry Ford Health System,HFM Bruce Township,2.16.840.1.113883.3.3823.1060031^2.16.840.1.113883.3.3823,
Henry Ford Health System,HFM Chesterfield Urgent Care Clinic,2.16.840.1.113883.3.3823.1060041^2.16.840.1.113883.3.3823,
Henry Ford Health System,HFM Fraser Urgent Care Clinic,2.16.840.1.113883.3.3823.1060051^2.16.840.1.113883.3.3823,
Henry Ford Health System,HFM FRASER URGENT CARE Clinic,2.16.840.1.113883.3.3823.2340010001^2.16.840.1.113883.3.3823,
Henry Ford Health System,HFHS Community Connect Orthopaedic Associates PC,2.16.840.1.113883.17.4042.3^2.16.840.1.113883.3.3823,
Henry Ford Health System,Allegiance Behavioral Health Main,2.16.840.1.113883.3.3823.101002^2.16.840.1.113883.3.3823,
Henry Ford Health System,HFHN Allen Park,2.16.840.1.113883.3.3823.101003^2.16.840.1.113883.3.3823,
Henry Ford Health System,HFHN Ann Arbor,2.16.840.1.113883.3.3823.101004^2.16.840.1.113883.3.3823,
Henry Ford Health System,HFHN Behavioral Health Services Dearborn,2.16.840.1.113883.3.3823.101005^2.16.840.1.113883.3.3823,
Henry Ford Health System,HFHN Bloomfield Hills,2.16.840.1.113883.3.3823.101006^2.16.840.1.113883.3.3823,
Henry Ford Health System,HFHN Canton,2.16.840.1.113883.3.3823.101007^2.16.840.1.113883.3.3823,
Henry Ford Health System,HFHN Center For Reproductive Medicine,2.16.840.1.113883.3.3823.101009^2.16.840.1.113883.3.3823,
Henry Ford Health System,HFHN Chrysler,2.16.840.1.113883.3.3823.101010^2.16.840.1.113883.3.3823,
Henry Ford Health System,HFHN Columbus,2.16.840.1.113883.3.3823.101012^2.16.840.1.113883.3.3823,
Henry Ford Health System,HFHN Commerce,2.16.840.1.113883.3.3823.101013^2.16.840.1.113883.3.3823,
Henry Ford Health System,HFHN Detroit Northwest,2.16.840.1.113883.3.3823.101015^2.16.840.1.113883.3.3823,
Henry Ford Health System,HFHN Downriver Center For Oncology,2.16.840.1.113883.3.3823.101016^2.16.840.1.113883.3.3823,
Henry Ford Health System,HFHN East Jefferson,2.16.840.1.113883.3.3823.101017^2.16.840.1.113883.3.3823,
Henry Ford Health System,HFHN Farmington Road,2.16.840.1.113883.3.3823.101019^2.16.840.1.113883.3.3823,
Henry Ford Health System,HFHN Ford Road MOB,2.16.840.1.113883.3.3823.101020^2.16.840.1.113883.3.3823,
Henry Ford Health System,HFHN Hamtramck,2.16.840.1.113883.3.3823.101021^2.16.840.1.113883.3.3823,
Henry Ford Health System,HFHN Harbortown,2.16.840.1.113883.3.3823.101022^2.16.840.1.113883.3.3823,
Henry Ford Health System,HFHN Lakeside,2.16.840.1.113883.3.3823.101023^2.16.840.1.113883.3.3823,
Henry Ford Health System,HFHN Livonia,2.16.840.1.113883.3.3823.101024^2.16.840.1.113883.3.3823,
Henry Ford Health System,HFHN Lowell Park Rehab,2.16.840.1.113883.3.3823.101025^2.16.840.1.113883.3.3823,
Henry Ford Health System,HFHN New Center One,2.16.840.1.113883.3.3823.101027^2.16.840.1.113883.3.3823,
Henry Ford Health System,HFHN Novi,2.16.840.1.113883.3.3823.101028^2.16.840.1.113883.3.3823,
Henry Ford Health System,HFHN Pierson,2.16.840.1.113883.3.3823.101029^2.16.840.1.113883.3.3823,
Henry Ford Health System,HFHN Plymouth,2.16.840.1.113883.3.3823.101030^2.16.840.1.113883.3.3823,
Henry Ford Health System,HFHN Royal Oak,2.16.840.1.113883.3.3823.101031^2.16.840.1.113883.3.3823,
Henry Ford Health System,HFHN Southfield,2.16.840.1.113883.3.3823.101033^2.16.840.1.113883.3.3823,
Henry Ford Health System,HFHN Taylor,2.16.840.1.113883.3.3823.101035^2.16.840.1.113883.3.3823,
Henry Ford Health System,HFHN Troy,2.16.840.1.113883.3.3823.101036^2.16.840.1.113883.3.3823,
Henry Ford Health System,HFHN Woodhaven,2.16.840.1.113883.3.3823.101038^2.16.840.1.113883.3.3823,
Henry Ford Health System,HFHN Warren Chicago RD,2.16.840.1.113883.3.3823.101039^2.16.840.1.113883.3.3823,
Henry Ford Health System,HFHN One Ford Place,2.16.840.1.113883.3.3823.101040^2.16.840.1.113883.3.3823,
Henry Ford Health System,HFHN Tech Town,2.16.840.1.113883.3.3823.101041^2.16.840.1.113883.3.3823,
Henry Ford Health System,HFHN Troy Super Vision Center,2.16.840.1.113883.3.3823.101043^2.16.840.1.113883.3.3823,
Henry Ford Health System,HFHN GPP Super Vision Center,2.16.840.1.113883.3.3823.101046^2.16.840.1.113883.3.3823,
Henry Ford Health System,HFHN Westland Super Vision Center,2.16.840.1.113883.3.3823.101044^2.16.840.1.113883.3.3823,
Henry Ford Health System,HFHN Roseville Super Vision Center,2.16.840.1.113883.3.3823.101047^2.16.840.1.113883.3.3823,
Henry Ford Health System,HFHN Monroe,2.16.840.1.113883.3.3823.101050^2.16.840.1.113883.3.3823,
Henry Ford Health System,HFHN Wyandotte Women's Health,2.16.840.1.113883.3.3823.101051^2.16.840.1.113883.3.3823,
Henry Ford Health System,HFHN Lansing,2.16.840.1.113883.3.3823.101055^2.16.840.1.113883.3.3823,
Henry Ford Health System,HFHN Hurley,2.16.840.1.113883.3.3823.101056^2.16.840.1.113883.3.3823,
Henry Ford Health System,HFHN Ypsilanti,2.16.840.1.113883.3.3823.101057^2.16.840.1.113883.3.3823,
Henry Ford Health System,HFHN Spectrum Health,2.16.840.1.113883.3.3823.101058^2.16.840.1.113883.3.3823,
Henry Ford Health System,HFHN Grand Blanc,2.16.840.1.113883.3.3823.101059^2.16.840.1.113883.3.3823,
Henry Ford Health System,HFHN Pontiac,2.16.840.1.113883.3.3823.101061^2.16.840.1.113883.3.3823,
Henry Ford Health System,HFHN Macomb Shelby,2.16.840.1.113883.3.3823.101068^2.16.840.1.113883.3.3823,
Henry Ford Health System,HFHN Taylor Super Vision Center / Downriver Super Vision Center,2.16.840.1.113883.3.3823.101071^2.16.840.1.113883.3.3823,
Henry Ford Health System,HFHN Flint,2.16.840.1.113883.3.3823.1010730001^2.16.840.1.113883.3.3823,
Henry Ford Health System,HFHN East Lansing,2.16.840.1.113883.3.3823.101074^2.16.840.1.113883.3.3823,
Henry Ford Health System,HFHN Genesys,2.16.840.1.113883.3.3823.101075^2.16.840.1.113883.3.3823,
Henry Ford Health System,HFHN Woodward,2.16.840.1.113883.3.3823.101077^2.16.840.1.113883.3.3823,
Henry Ford Health System,HFHN Bruce,2.16.840.1.113883.3.3823.101079^2.16.840.1.113883.3.3823,
Henry Ford Health System,HFHN Harbortown II,2.16.840.1.113883.3.3823.101082^2.16.840.1.113883.3.3823,
Henry Ford Health System,HFHN Southfield Supervision,2.16.840.1.113883.3.3823.101083^2.16.840.1.113883.3.3823,
Henry Ford Health System,HFHN DTE Energy,2.16.840.1.113883.3.3823.101084^2.16.840.1.113883.3.3823,
Henry Ford Health System,HFHN Chesterfield / Henry Ford Macomb Family Medicine - Chesterfield,2.16.840.1.113883.3.3823.101090^2.16.840.1.113883.3.3823,
Henry Ford Health System,Henry Ford Wyandotte Brownstown Clinic,2.16.840.1.113883.3.3823.1050021^2.16.840.1.113883.3.3823,
Henry Ford Health System,HFWY Outpatient Rehab,2.16.840.1.113883.3.3823.105003^2.16.840.1.113883.3.3823,
Henry Ford Health System,HFWY Rockwood,2.16.840.1.113883.3.3823.105004^2.16.840.1.113883.3.3823,
Henry Ford Health System,HFWY Northline,2.16.840.1.113883.3.3823.105005^2.16.840.1.113883.3.3823,
Henry Ford Health System,HFWY Bariatric Surgery,2.16.840.1.113883.3.3823.105006^2.16.840.1.113883.3.3823,
Henry Ford Health System,HFWY Riverside,2.16.840.1.113883.3.3823.105007^2.16.840.1.113883.3.3823,
Henry Ford Health System,HFWY Southgate,2.16.840.1.113883.3.3823.105009^2.16.840.1.113883.3.3823,
Henry Ford Health System,HFWY Allen Park,2.16.840.1.113883.3.3823.105010^2.16.840.1.113883.3.3823,
Henry Ford Health System,HFWY Trenton Rd,2.16.840.1.113883.3.3823.105011^2.16.840.1.113883.3.3823,
Henry Ford Health System,HFWY OB GYN,2.16.840.1.113883.3.3823.105012^2.16.840.1.113883.3.3823,
Henry Ford Health System,HFWY Novi,2.16.840.1.113883.3.3823.105013^2.16.840.1.113883.3.3823,
Henry Ford Health System,HFWY Northline East,2.16.840.1.113883.3.3823.105014^2.16.840.1.113883.3.3823,
Henry Ford Health System,HFWY Templin,2.16.840.1.113883.3.3823.105015^2.16.840.1.113883.3.3823,
Henry Ford Health System,HFM Rrichmond,2.16.840.1.113883.3.3823.106006^2.16.840.1.113883.3.3823,
Henry Ford Health System,HFM Shelby Mall,2.16.840.1.113883.3.3823.106007^2.16.840.1.113883.3.3823,
Henry Ford Health System,HFM Washington Township,2.16.840.1.113883.3.3823.106008^2.16.840.1.113883.3.3823,
Henry Ford Health System,HFM Commons OPD,2.16.840.1.113883.3.3823.106012^2.16.840.1.113883.3.3823,
Henry Ford Health System,HFM Seville,2.16.840.1.113883.3.3823.106015^2.16.840.1.113883.3.3823,
Henry Ford Health System,HFM Seville II,2.16.840.1.113883.3.3823.106016^2.16.840.1.113883.3.3823,
Henry Ford Health System,HFM Medical Office Pavilion,2.16.840.1.113883.3.3823.106017^2.16.840.1.113883.3.3823,
Henry Ford Health System,HFM Shelby South,2.16.840.1.113883.3.3823.106019^2.16.840.1.113883.3.3823,
Henry Ford Health System,HFM Shelby North,2.16.840.1.113883.3.3823.106020^2.16.840.1.113883.3.3823,
Henry Ford Health System,HFM Sleep Center,2.16.840.1.113883.3.3823.106023^2.16.840.1.113883.3.3823,
Henry Ford Health System,HFM Warren Orthopaedic Surgery,2.16.840.1.113883.3.3823.106024^2.16.840.1.113883.3.3823,
Henry Ford Health System,HFM Plastic Surgery,2.16.840.1.113883.3.3823.106025^2.16.840.1.113883.3.3823,
Henry Ford Health System,HFM Warren East,2.16.840.1.113883.3.3823.106026^2.16.840.1.113883.3.3823,
Henry Ford Health System,HFM Macomb Romeo,2.16.840.1.113883.3.3823.106028^2.16.840.1.113883.3.3823,
Henry Ford Health System,HFM Warren OPD Rehab,2.16.840.1.113883.3.3823.106029^2.16.840.1.113883.3.3823,
Henry Ford Health System,HFM South,2.16.840.1.113883.3.3823.106030^2.16.840.1.113883.3.3823,
Henry Ford Health System,HFM Partridge Creek,2.16.840.1.113883.3.3823.106031^2.16.840.1.113883.3.3823,
Henry Ford Health System,HFM Hall Rd,2.16.840.1.113883.3.3823.106032^2.16.840.1.113883.3.3823,
Henry Ford Health System,HFM Sterling Heights,2.16.840.1.113883.3.3823.106033^2.16.840.1.113883.3.3823,
Henry Ford Health System,HFHS Community Connect Ghassan Atto Practice,2.16.840.1.113883.3.3823.200001^2.16.840.1.113883.3.3823,
Henry Ford Health System,HFHS Community Connect Eastpointe Internists Practice,2.16.840.1.113883.3.3823.202001^2.16.840.1.113883.3.3823,
Henry Ford Health System,HFHS Community Connect Dean Clinic Practice - Sterling Heights,2.16.840.1.113883.3.3823.203001^2.16.840.1.113883.3.3823,
Henry Ford Health System,HFHS Community Connect Dean Clinic Practice - Detroit,2.16.840.1.113883.3.3823.203002^2.16.840.1.113883.3.3823,
Henry Ford Health System,HFHS Community Connect R.R. Yalamanchi Practice,2.16.840.1.113883.3.3823.204001^2.16.840.1.113883.3.3823,
Henry Ford Health System,"HFHS Community Connect MohammadReza Kahnamouei, MD,PC Practice",2.16.840.1.113883.3.3823.207001^2.16.840.1.113883.3.3823,
Henry Ford Health System,HFHS Community Connect Neurology Michigan PC Practice,2.16.840.1.113883.3.3823.209001^2.16.840.1.113883.3.3823,
Henry Ford Health System,"HFHS Community Connect Arun Singal, MD PC Practice",2.16.840.1.113883.3.3823.210001^2.16.840.1.113883.3.3823,
Henry Ford Health System,HFHS Community Connect Thwainey Family Medicine Practice,2.16.840.1.113883.3.3823.211001^2.16.840.1.113883.3.3823,
Henry Ford Health System,HFHS Community Connect Cardiovascular Institute of Michigan Practice - Roseville,2.16.840.1.113883.3.3823.213001^2.16.840.1.113883.3.3823,
Henry Ford Health System,"HFHS Community Connect Vijaya Challa, MD Practice",2.16.840.1.113883.3.3823.214001^2.16.840.1.113883.3.3823,
Henry Ford Health System,HFHS Community Connect Cardiovascular Institute of Michigan Practie - Waterford,2.16.840.1.113883.3.3823.213003^2.16.840.1.113883.3.3823,
Henry Ford Health System,HFHN Clinton Oaks Behavioral Health Services,2.16.840.1.113883.3.3823.101011^2.16.840.1.113883.3.3823,
Henry Ford Health System,HFM Associated Internists,2.16.840.1.113883.3.3823.106035^2.16.840.1.113883.3.3823,
Henry Ford Health System,HFM Pierson,2.16.840.1.113883.3.3823.106036^2.16.840.1.113883.3.3823,
Henry Ford Health System,HFM Cancer Center,2.16.840.1.113883.3.3823.106037^2.16.840.1.113883.3.3823,
Henry Ford Health System,HFM Fraser OP Rehab / Fraser Villa Rehabilitation & Wellness Center,2.16.840.1.113883.3.3823.1060380001^2.16.840.1.113883.3.3823,
Henry Ford Health System,HFM SBH Mt. Clemens Health Center,2.16.840.1.113883.3.3823.106039^2.16.840.1.113883.3.3823,
Henry Ford Health System,HFHS Select Speciality II Macomb,2.16.840.1.113883.3.3823.1080010001^2.16.840.1.113883.3.3823,
Henry Ford Health System,HFHS Atlas Clinton Township,2.16.840.1.113883.3.3823.1090020001^2.16.840.1.113883.3.3823,
Henry Ford Health System,HFHS Atlas HFML,2.16.840.1.113883.3.3823.109004^2.16.840.1.113883.3.3823,
Henry Ford Health System,HWB Novi,2.16.840.1.113883.3.3823.111001^2.16.840.1.113883.3.3823,
Henry Ford Health System,HWB Walled Lake,2.16.840.1.113883.3.3823.111002^2.16.840.1.113883.3.3823,
Henry Ford Health System,HFHS Community Connect Downriver Medical Associates Practice - Fort St. ,2.16.840.1.113883.3.3823.201001^2.16.840.1.113883.3.3823,
Henry Ford Health System,HFHS Community Connect Mohammad Ghaffarloo MD PC,2.16.840.1.113883.3.3823.208001^2.16.840.1.113883.3.3823,
Henry Ford Health System,HFHS Community Connect Margaret J. Hepke Practice,2.16.840.1.113883.3.3823.215001^2.16.840.1.113883.3.3823,
Henry Ford Health System,HFHS Community Connect El-Khalil Foot & Ankle Specialist - Deaborn,2.16.840.1.113883.3.3823.2160010001^2.16.840.1.113883.3.3823,
Henry Ford Health System,HFHS Community Connect El-Lhalil Foot & Ankle Specialist - Dearborn Heights ,2.16.840.1.113883.3.3823.216001^2.16.840.1.113883.3.3823,
Henry Ford Health System,HFHS Community Connect El-Khalil Foot & Ankle Specialist - Southgate,2.16.840.1.113883.3.3823.2160010002^2.16.840.1.113883.3.3823,
Henry Ford Health System,"HFHS Community Connect Nasir Husain, MD ",2.16.840.1.113883.3.3823.218100^2.16.840.1.113883.3.3823,
Henry Ford Health System,HFHS Community Connect Brian G Loder Practice,2.16.840.1.113883.3.3823.219001^2.16.840.1.113883.3.3823,
Henry Ford Health System,HFHS Community Connect Anthony Udo-Inyang Practice,2.16.840.1.113883.3.3823.220001^2.16.840.1.113883.3.3823,
Henry Ford Health System,HFHS Community Connect Downriver Endocrinology Practice,2.16.840.1.113883.3.3823.221001^2.16.840.1.113883.3.3823,
Henry Ford Health System,HFHS Community Connect Nephrology & Intensive Care Associates Practice,2.16.840.1.113883.3.3823.222001^2.16.840.1.113883.3.3823,
Henry Ford Health System,HFHS Community Connect N Gupta Practice,2.16.840.1.113883.3.3823.224001^2.16.840.1.113883.3.3823,
Henry Ford Health System,HFHS Community Connect Diab & Kinner Internal Medicine Practice,2.16.840.1.113883.3.3823.225001^2.16.840.1.113883.3.3823,
Henry Ford Health System,HFHS Community Connect Andrew M. Agosta Practice,2.16.840.1.113883.3.3823.226001^2.16.840.1.113883.3.3823,
Henry Ford Health System,HFHS Community Connect Amini Healthcare Practice,2.16.840.1.113883.3.3823.228001^2.16.840.1.113883.3.3823,
Henry Ford Health System,HFHS Community Connect Balbir Gandhi Practice,2.16.840.1.113883.3.3823.229001^2.16.840.1.113883.3.3823,
Henry Ford Health System,HFHS Community Connect Ravinder Gandhi Practice,2.16.840.1.113883.3.3823.230001^2.16.840.1.113883.3.3823,
Henry Ford Health System,HFHS Community Connect Metro Family Practice,2.16.840.1.113883.3.3823.231001^2.16.840.1.113883.3.3823,
Henry Ford Health System,HFHS Community Connect Alliance Helath Professionals PLLC,2.16.840.1.113883.3.3823.236001^2.16.840.1.113883.3.3823,
Henry Ford Health System,HFHS Community Connect Prime Medical Healthcare,2.16.840.1.113883.3.3823.237001^2.16.840.1.113883.3.3823,
Henry Ford Health System,HFHS Community Connect Hill Orthopedics ,2.16.840.1.113883.3.3823.238001^2.16.840.1.113883.3.3823,
Henry Ford Health System,HFHS Community Connect Riverside Surgical Assosiciates PC,2.16.840.1.113883.3.3823.239001^2.16.840.1.113883.3.3823,
Henry Ford Health System,HFHS Community Connect Downriver Heart and Vascular Specialists PC,2.16.840.1.113883.3.3823.240001^2.16.840.1.113883.3.3823,
Henry Ford Health System,"HFHS Community Connect S.S. Hands, MD Practice - Warren",2.16.840.1.113883.3.3823.2230010001^2.16.840.1.113883.3.3823,
Henry Ford Health System,HFHS Community Connect S.S. Hands Practie - Clinton Township,2.16.840.1.113883.3.3823.2230010002^2.16.840.1.113883.3.3823,
Henry Ford Health System,HFHS Community Connect Vascular and Endovascular Institute of MI Practice - Clinton Township ,2.16.840.1.113883.3.3823.2320010001^2.16.840.1.113883.3.3823,
Henry Ford Health System,HFHN Southland,2.16.840.1.113883.3.3823.101034^2.16.840.1.113883.3.3823,
Henry Ford Health System,HFM Behavioral Med OPD Garfield,2.16.840.1.113883.3.3823.106011^2.16.840.1.113883.3.3823,
Henry Ford Health System,HFM Harper Metro,2.16.840.1.113883.3.3823.106014^2.16.840.1.113883.3.3823,
Henry Ford Health System,HFM Redding,2.16.840.1.113883.3.3823.106018^2.16.840.1.113883.3.3823,
Henry Ford Health System,HFM Hayes,2.16.840.1.113883.3.3823.106021^2.16.840.1.113883.3.3823,
Henry Ford Health System,HRM Warren Northsite,2.16.840.1.113883.3.3823.106022^2.16.840.1.113883.3.3823,
Henry Ford Health System,HFM Eastridge,2.16.840.1.113883.3.3823.106013^2.16.840.1.113883.3.3823,
Henry Ford Health System,HFHN Henry Ford Clinic,2.16.840.1.113883.3.3823.1010012^2.16.840.1.113883.3.3823,
Henry Ford Health System,Henry Ford Medical Center - Sterling Heights ,2.16.840.1.113883.3.3823.1010321^2.16.840.1.113883.3.3823,
Henry Ford Health System,HFWY Wyandotte Clinic,2.16.840.1.113883.3.3823.1050012^2.16.840.1.113883.3.3823,
Henry Ford Health System,HFHS Community Connect Downriver Medical Associates Practice - Biddle,2.16.840.1.113883.3.3823.201001002^2.16.840.1.113883.3.3823,
Henry Ford Health System,Henry Ford Macomb Physical Rehabilitation Center / HFHN Macomb Warren Rehab,2.16.840.1.113883.3.3823.101026^2.16.840.1.113883.3.3823,
Henry Ford Health System,Henry Ford Macomb Health Center - Fraser / HFHN Fraser,2.16.840.1.113883.3.3823.101081^2.16.840.1.113883.3.3823,
Henry Ford Health System,HFHS Community Connect Metro Urgent Care & Family Practice,2.16.840.1.113883.3.3823.2310011^2.16.840.1.113883.3.3823,
Henry Ford Health System,"HFHS HFCC Southgate Medical Center / HFHS Community Connect Southgate Medical Center, PLLC",2.16.840.1.113883.3.3823.2330010001^2.16.840.1.113883.3.3823,
Henry Ford Health System,HFHS Community Connect Advanced Cardiothoracic Surgeons Practice,2.16.840.1.113883.3.3823.212001^2.16.840.1.113883.3.3823,
Henry Ford Health System,HFHN Fox Run,2.16.840.1.113883.3.3823.101067^2.16.840.1.113883.3.3823,
Henry Ford Health System,HFWB West Bloomfield Clinic,2.16.840.1.113883.3.3823.104003^2.16.840.1.113883.3.3823,
Henry Ford Health System,HMG Maplegrove,2.16.840.1.113883.3.3823.102001^2.16.840.1.113883.3.3823,
Henry Ford Health System,HFHN Center for Athletic Medicine,2.16.840.1.113883.3.3823.101008^2.16.840.1.113883.3.3823,
Henry Ford Health System,HFM Samaritan House,2.16.840.1.113883.3.3823.106034^2.16.840.1.113883.3.3823,
Henry Ford Health System,HFM Chesterfield OB GYN,2.16.840.1.113883.3.3823.106009^2.16.840.1.113883.3.3823,
Henry Ford Health System,HFHN Lakeside Super Vision Center,2.16.840.1.113883.3.3823.101045^2.16.840.1.113883.3.3823,
Henry Ford Health System,HFM Garfield Office III,2.16.840.1.113883.3.3823.106010^2.16.840.1.113883.3.3823,
Henry Ford Health System,HFWY Orthopaedics,2.16.840.1.113883.3.3823.105008^2.16.840.1.113883.3.3823,
Henry Ford Health System,HFHN East Home Health,2.16.840.1.113883.3.3823.101065^2.16.840.1.113883.3.3823,
Henry Ford Health System,HFHN North Home Health ,2.16.840.1.113883.3.3823.101066^2.16.840.1.113883.3.3823,
Henry Ford Health System,HFHN Providence,2.16.840.1.113883.3.3823.101054^2.16.840.1.113883.3.3823,
Henry Ford Health System,HFHN St. John ,2.16.840.1.113883.3.3823.101060^2.16.840.1.113883.3.3823,
Henry Ford Health System,HFHN Southgate Super Vision Center ,2.16.840.1.113883.3.3823.101042^2.16.840.1.113883.3.3823,
Henry Ford Health System,HFHN Downriver Home Health,2.16.840.1.113883.3.3823.101064^2.16.840.1.113883.3.3823,
Henry Ford Health System,Henry Ford Allegiance 1400 E. Michigan Ave,2.16.840.1.113883.3.3823.112002^2.16.840.1.113883.3.3823,
Henry Ford Health System,Henry Ford Allegiance 3235 E Michigan Ave,2.16.840.1.113883.3.3823.112003^2.16.840.1.113883.3.3823,
Henry Ford Health System,Allegiance Fam Med E Michigan,2.16.840.1.113883.17.4054.1^2.16.840.1.113883.3.3823,
Henry Ford Health System,Allegiance Inter Med East,2.16.840.1.113883.17.4054.2^2.16.840.1.113883.3.3823,
Henry Ford Health System,Henry Ford Allegiance N Jackson St,2.16.840.1.113883.3.3823.112004^2.16.840.1.113883.3.3823,
Henry Ford Health System,Henry Ford Allegiance 700 E. Michigan Ave,2.16.840.1.113883.3.3823.112005^2.16.840.1.113883.3.3823,
Henry Ford Health System,Henry Ford Allegiance 704 E. Michigan Ave,2.16.840.1.113883.3.3823.112006^2.16.840.1.113883.3.3823,
Henry Ford Health System,Henry Ford Allegiance 744 W. Michigan Ave,2.16.840.1.113883.3.3823.112007^2.16.840.1.113883.3.3823,
Henry Ford Health System,Allegiance General Surgery,2.16.840.1.113883.17.4066.4^2.16.840.1.113883.3.3823,
Henry Ford Health System,Allegiance Gastroenterology,2.16.840.1.113883.17.4066.2^2.16.840.1.113883.3.3823,
Henry Ford Health System,Allegiance Fam Med Albion,2.16.840.1.113883.17.4051.1^2.16.840.1.113883.3.3823,
Henry Ford Health System,Henry Ford Allegiance 813 W. Michigan Ave,2.16.840.1.113883.3.3823.112008^2.16.840.1.113883.3.3823,
Henry Ford Health System,Henry Ford Allegiance Albion,2.16.840.1.113883.3.3823.112009^2.16.840.1.113883.3.3823,
Henry Ford Health System,Henry Ford Allegiance Ann Arbor Rd,2.16.840.1.113883.3.3823.112010^2.16.840.1.113883.3.3823,
Henry Ford Health System,Henry Ford Allegiance Brooklyn,2.16.840.1.113883.3.3823.112011^2.16.840.1.113883.3.3823,
Henry Ford Health System,Henry Ford Allegiance Carleton,2.16.840.1.113883.3.3823.112012^2.16.840.1.113883.3.3823,
Henry Ford Health System,Henry Ford Alegiance Cascade Ridge,2.16.840.1.113883.3.3823.112013^2.16.840.1.113883.3.3823,
Henry Ford Health System,AFM - Cascade Ridge,2.16.840.1.113883.3.5416.1.2807^2.16.840.1.113883.3.3823,
Henry Ford Health System,Henry Ford Allegiance 900 E. Michigan Ave,2.16.840.1.113883.3.3823.112014^2.16.840.1.113883.3.3823,
Henry Ford Health System,Henry Ford Allegiance Franklin,2.16.840.1.113883.3.3823.112015^2.16.840.1.113883.3.3823,
Henry Ford Health System,Henry Ford Allegiance Grass Lake,2.16.840.1.113883.3.3823.112016^2.16.840.1.113883.3.3823,
Henry Ford Health System,Allegiance Pediatrics - Jackson,2.16.840.1.113883.17.4069^2.16.840.1.113883.3.3823,
Henry Ford Health System,Allegiance Fam Med Grass Lake,2.16.840.1.113883.17.4034^2.16.840.1.113883.3.3823,
Henry Ford Health System,Henry Ford Allegiance Greenwood,2.16.840.1.113883.3.3823.112017^2.16.840.1.113883.3.3823,
Henry Ford Health System,Henry Ford Allegiance Hillsdale,2.16.840.1.113883.3.3823.112018^2.16.840.1.113883.3.3823,
Henry Ford Health System,Allegiance Vascular Health - Hillsdale,2.16.840.1.113883.17.4058.2^2.16.840.1.113883.3.3823,
Henry Ford Health System,Allegiance Neurosurgery Hillsdale,2.16.840.1.113883.17.4058.1^2.16.840.1.113883.3.3823,
Henry Ford Health System,Henry Ford Allegiance Jackson Professional Building,2.16.840.1.113883.3.3823.112019^2.16.840.1.113883.3.3823,
Henry Ford Health System,U of M Allegiance Cardiac Surgery,2.16.840.1.113883.17.4030.6^2.16.840.1.113883.3.3823,
Henry Ford Health System,Allegiance Outpatient Trauma,2.16.840.1.113883.17.4030.3^2.16.840.1.113883.3.3823,
Henry Ford Health System,Allegiance Thoracic Surgery,2.16.840.1.113883.17.4030.4^2.16.840.1.113883.3.3823,
Henry Ford Health System,Allegiance Hematology Oncology,2.16.840.1.113883.17.4030.2^2.16.840.1.113883.3.3823,
Henry Ford Health System,Henry Ford Allegiance Jackson Specialty Center,2.16.840.1.113883.3.3823.112020^2.16.840.1.113883.3.3823,
Henry Ford Health System,Allegiance Rheumatology,2.16.840.1.113883.3.5794.4^2.16.840.1.113883.3.3823,
Henry Ford Health System,Allegiance Rehab NMS,2.16.840.1.113883.3.5794.9^2.16.840.1.113883.3.3823,
Henry Ford Health System,Allegiance Pain Management Center,2.16.840.1.113883.3.5794.8^2.16.840.1.113883.3.3823,
Henry Ford Health System,Allegiance Osteoporosis Clinic,2.16.840.1.113883.3.5794.7^2.16.840.1.113883.3.3823,
Henry Ford Health System,Allegiance Orthopaedics,2.16.840.1.113883.3.5794.2^2.16.840.1.113883.3.3823,
Henry Ford Health System,Allegiance Neurosurgery,2.16.840.1.113883.3.5794.6^2.16.840.1.113883.3.3823,
Henry Ford Health System,Allegiance Neurology,2.16.840.1.113883.3.5794.1^2.16.840.1.113883.3.3823,
Henry Ford Health System,Henry Ford Allegiance Jackson Surgery Center,2.16.840.1.113883.3.3823.112021^2.16.840.1.113883.3.3823,
Henry Ford Health System,Allegiance Fam Med Leslie,2.16.840.1.113883.17.4036^2.16.840.1.113883.3.3823,
Henry Ford Health System,Henry Ford Allegiance Marshall,2.16.840.1.113883.3.3823.112023^2.16.840.1.113883.3.3823,
Henry Ford Health System,Henry Ford Allegiance Mason,2.16.840.1.113883.3.3823.112024^2.16.840.1.113883.3.3823,
Henry Ford Health System,Allegiance Rehab-Mason,2.16.840.1.113883.17.4071.2^2.16.840.1.113883.3.3823,
Henry Ford Health System,Allegiance Family Medicine Mason,2.16.840.1.113883.17.4071.1^2.16.840.1.113883.3.3823,
Henry Ford Health System,Henry Ford Allegiance Michigan Center,2.16.840.1.113883.3.3823.112025^2.16.840.1.113883.3.3823,
Henry Ford Health System,Henry Ford Allegiance North Street,2.16.840.1.113883.3.3823.112026^2.16.840.1.113883.3.3823,
Henry Ford Health System,Allegiance Family Medicine North Street,2.16.840.1.113883.17.4037^2.16.840.1.113883.3.3823,
Henry Ford Health System,Henry Ford Allegiance One Jackson SQ,2.16.840.1.113883.3.3823.112027^2.16.840.1.113883.3.3823,
Henry Ford Health System,Henry Ford Allegiance Onsted,2.16.840.1.113883.3.3823.112028^2.16.840.1.113883.3.3823,
Henry Ford Health System,Allegiance Family Medicine Onsted,2.16.840.1.113883.17.4073^2.16.840.1.113883.3.3823,
Henry Ford Health System,Henry Ford Allegiance Page,2.16.840.1.113883.3.3823.112029^2.16.840.1.113883.3.3823,
Henry Ford Health System,Henry Ford Allegiance Rose City,2.16.840.1.113883.3.3823.112030^2.16.840.1.113883.3.3823,
Henry Ford Health System,Allegiance Vascular Surgery,2.16.840.1.113883.17.4052.2^2.16.840.1.113883.3.3823,
Henry Ford Health System,Allegiance Vascular Health,2.16.840.1.113883.17.4052.1^2.16.840.1.113883.3.3823,
Henry Ford Health System,Henry Ford Allegiance S. East Avenue,2.16.840.1.113883.3.3823.112031^2.16.840.1.113883.3.3823,
Henry Ford Health System,Henry Ford Allegiance Spring Arbor,2.16.840.1.113883.3.3823.112032^2.16.840.1.113883.3.3823,
Henry Ford Health System,Allegiance Family Medicine Spring Arbor,2.16.840.1.113883.17.4070^2.16.840.1.113883.3.3823,
Henry Ford Health System,Henry Ford Allegiance 3305 Spring Srbor Rd,2.16.840.1.113883.3.3823.112033^2.16.840.1.113883.3.3823,
Henry Ford Health System,Allegiance Women's Center,2.16.840.1.113883.17.4055^2.16.840.1.113883.3.3823,
Henry Ford Health System,Henry Ford Allegiance Springport Rd,2.16.840.1.113883.3.3823.112034^2.16.840.1.113883.3.3823,
Henry Ford Health System,Allegiance Senior Health Center,2.16.840.1.113883.17.4045.1^2.16.840.1.113883.3.3823,
Henry Ford Health System,Allegiance Outpatient Behavioral - Springport,2.16.840.1.113883.17.4046.2^2.16.840.1.113883.3.3823,
Henry Ford Health System,Allegiance Diabetes Center,2.16.840.1.113883.17.4072^2.16.840.1.113883.3.3823,
Henry Ford Health System,Henry Ford Allegiance Stockbridge,2.16.840.1.113883.3.3823.112035^2.16.840.1.113883.3.3823,
Henry Ford Health System,Henry Ford Allegiance Summit Woods,2.16.840.1.113883.3.3823.112036^2.16.840.1.113883.3.3823,
Henry Ford Health System,Henry Ford Allegiance Teneyck,2.16.840.1.113883.17.4050^2.16.840.1.113883.3.3823,
Henry Ford Health System,Allegiance ENT,2.16.840.1.113883.17.4031.1^2.16.840.1.113883.3.3823,
Henry Ford Health System,Allegiance Hearing Center,2.16.840.1.113883.17.4031.2^2.16.840.1.113883.3.3823,
Henry Ford Health System,Henry Ford Allegiance Vandercook,2.16.840.1.113883.3.3823.112039^2.16.840.1.113883.3.3823,
Henry Ford Health System,Allegiance Family Medicine Townsend,2.16.840.1.113883.17.4056^2.16.840.1.113883.3.3823,
Henry Ford Health System,Henry Ford Allegiance Washington,2.16.840.1.113883.3.3823.112040^2.16.840.1.113883.3.3823,
Henry Ford Health System,Henry Ford Allegiance Jackson Hospice,2.16.840.1.113883.3.3823.113001^2.16.840.1.113883.3.3823,
Henry Ford Health System,Henry Ford Allegiance Kingsbrooke,2.16.840.1.113883.3.3823.113002^2.16.840.1.113883.3.3823,
Henry Ford Health System,Henry Ford Allegiance Carelink,2.16.840.1.113883.3.3823.114001^2.16.840.1.113883.3.3823,
Henry Ford Health System,Henry Ford Allegiance Jackson Health Network,2.16.840.1.113883.3.3823.115001^2.16.840.1.113883.3.3823,
Henry Ford Health System,Henry Ford Allegiance Endrocrinology,2.16.840.1.113883.3.5416.1.1568^2.16.840.1.113883.3.3823,
University of Michigan Health System,Cardiovascular Center,2.16.840.1.113883.3.4220.4.10007^2.16.840.1.113883.3.4220,
University of Michigan Health System,Cancer Center,2.16.840.1.113883.3.4220.4.10008^2.16.840.1.113883.3.4220,
University of Michigan Health System,Briarwood 02,2.16.840.1.113883.3.4220.4.10102^2.16.840.1.113883.3.4220,
University of Michigan Health System,Briarwood 03,2.16.840.1.113883.3.4220.4.10103^2.16.840.1.113883.3.4220,
University of Michigan Health System,Briarwood 04,2.16.840.1.113883.3.4220.4.10104^2.16.840.1.113883.3.4220,
University of Michigan Health System,Briarwood 05,2.16.840.1.113883.3.4220.4.10105^2.16.840.1.113883.3.4220,
University of Michigan Health System,Briarwood 09,2.16.840.1.113883.3.4220.4.10109^2.16.840.1.113883.3.4220,
University of Michigan Health System,Briarwood 10,2.16.840.1.113883.3.4220.4.10110^2.16.840.1.113883.3.4220,
University of Michigan Health System,Ypsilanti Health Center,2.16.840.1.113883.3.4220.4.10201^2.16.840.1.113883.3.4220,
University of Michigan Health System,KMS Building,2.16.840.1.113883.3.4220.4.10202^2.16.840.1.113883.3.4220,
University of Michigan Health System,East Ann Arbor Surgery & MPC / East Ann Arbor Ambulatory Surgery and Medical Procedures Center,2.16.840.1.113883.3.4220.4.10203^2.16.840.1.113883.3.4220,
University of Michigan Health System,Brighton Health Center,2.16.840.1.113883.3.4220.4.10204^2.16.840.1.113883.3.4220,
University of Michigan Health System,Canton Health Center,2.16.840.1.113883.3.4220.4.10206^2.16.840.1.113883.3.4220,
University of Michigan Health System,Livonia Center for Specialty Care,2.16.840.1.113883.3.4220.4.10207^2.16.840.1.113883.3.4220,
University of Michigan Health System,Chelsea Health Center,2.16.840.1.113883.3.4220.4.10208^2.16.840.1.113883.3.4220,
University of Michigan Health System,Dexter Health Center,2.16.840.1.113883.3.4220.4.10209^2.16.840.1.113883.3.4220,
University of Michigan Health System,Domino's Farms Family Medicine ,2.16.840.1.113883.3.4220.4.10210^2.16.840.1.113883.3.4220,
University of Michigan Health System,Eeast Ann Arbor Health & Geriatric,2.16.840.1.113883.3.4220.4.10211^2.16.840.1.113883.3.4220,
University of Michigan Health System,Howell Pediatrics and Teen Center,2.16.840.1.113883.3.4220.4.10212^2.16.840.1.113883.3.4220,
University of Michigan Health System,Kellog Eye Center - Milford,2.16.840.1.113883.3.4220.4.10213^2.16.840.1.113883.3.4220,
University of Michigan Health System,Kellogg Eye Center - Brighton,2.16.840.1.113883.3.4220.4.10214^2.16.840.1.113883.3.4220,
University of Michigan Health System,Livonia Health Center,2.16.840.1.113883.3.4220.4.10215^2.16.840.1.113883.3.4220,
University of Michigan Health System,Rachel Upjohn Building,2.16.840.1.113883.3.4220.4.10218^2.16.840.1.113883.3.4220,
University of Michigan Health System,Saline Health Center,2.16.840.1.113883.3.4220.4.10219^2.16.840.1.113883.3.4220,
University of Michigan Health System,Kellogg Eye Center - Ann Arbor,2.16.840.1.113883.3.4220.4.10220^2.16.840.1.113883.3.4220,
University of Michigan Health System,West Ann Arbor Health Center,2.16.840.1.113883.3.4220.4.10221^2.16.840.1.113883.3.4220,
University of Michigan Health System,Kellogg Eye Center - Ypsilanti,2.16.840.1.113883.3.4220.4.10226^2.16.840.1.113883.3.4220,
University of Michigan Health System,Traverwood Business Park 1,2.16.840.1.113883.3.4220.4.10227^2.16.840.1.113883.3.4220,
University of Michigan Health System,Northville Health Center,2.16.840.1.113883.3.4220.4.10228^2.16.840.1.113883.3.4220,
University of Michigan Health System,Northeast Corporate Center,2.16.840.1.113883.3.4220.4.10230^2.16.840.1.113883.3.4220,
University of Michigan Health System,Kellogg Eye Center - Grand Blanc,2.16.840.1.113883.3.4220.4.10231^2.16.840.1.113883.3.4220,
University of Michigan Health System,Kalamazoo Outreach Transplant Clinic ,2.16.840.1.113883.3.4220.4.10902^2.16.840.1.113883.3.4220,
University of Michigan Health System,Outreach Traverse City - (Munson Specialty),2.16.840.1.113883.3.4220.4.10903^2.16.840.1.113883.3.4220,
University of Michigan Health System,Outreach - Marquette (General Health) ,2.16.840.1.113883.3.4220.4.10904^2.16.840.1.113883.3.4220,
University of Michigan Health System,Outreach - Traverse City (Munson Medical),2.16.840.1.113883.3.4220.4.10905^2.16.840.1.113883.3.4220,
University of Michigan Health System,Huron Valley Professional Center,2.16.840.1.113883.3.4220.4.10911^2.16.840.1.113883.3.4220,
University of Michigan Health System,Scarlett Middle School,2.16.840.1.113883.3.4220.4.10913^2.16.840.1.113883.3.4220,
University of Michigan Health System,Eisenhower Corporate Park 1,2.16.840.1.113883.3.4220.4.10914^2.16.840.1.113883.3.4220,
University of Michigan Health System,Eisenhower Corporate Part 2,2.16.840.1.113883.3.4220.4.10915^2.16.840.1.113883.3.4220,
University of Michigan Health System,Ann Arbor Tech High School / Pathway to Success Academic Campus,2.16.840.1.113883.3.4220.4.10916^2.16.840.1.113883.3.4220,
University of Michigan Health System,Reichert Building,2.16.840.1.113883.3.4220.4.10917^2.16.840.1.113883.3.4220,
University of Michigan Health System,Plymouth Park Office Center,2.16.840.1.113883.3.4220.4.10918^2.16.840.1.113883.3.4220,
University of Michigan Health System,Ann Arbor Ice Cube,2.16.840.1.113883.3.4220.4.10920^2.16.840.1.113883.3.4220,
University of Michigan Health System,Chelsea Professional Building,2.16.840.1.113883.3.4220.4.10923^2.16.840.1.113883.3.4220,
University of Michigan Health System,Sparrow Professional Building,2.16.840.1.113883.3.4220.4.10931^2.16.840.1.113883.3.4220,
University of Michigan Health System,Chelsea Retirement Community / Chelsea Retirement Center,2.16.840.1.113883.3.4220.4.10935^2.16.840.1.113883.3.4220,
University of Michigan Health System,MICHIGAN MEDICINE AT GHS LIVING NURSING,2.16.840.1.113883.3.4220.4.10936^2.16.840.1.113883.3.4220,
University of Michigan Health System,Lincoln High School,2.16.840.1.113883.3.4220.4.10945^2.16.840.1.113883.3.4220,
University of Michigan Health System,Renal Associates of MidMichigan,2.16.840.1.113883.3.4220.4.10946^2.16.840.1.113883.3.4220,
University of Michigan Health System,MidMichigan Kidney Specialists,2.16.840.1.113883.3.4220.4.10948^2.16.840.1.113883.3.4220,
University of Michigan Health System,Lincoln Middle School ,2.16.840.1.113883.3.4220.4.10949^2.16.840.1.113883.3.4220,
University of Michigan Health System,Women's Health Center,2.16.840.1.113883.3.4220.4.10950^2.16.840.1.113883.3.4220,
University of Michigan Health System,Wellpointe Medical Center,2.16.840.1.113883.3.4220.4.10954^2.16.840.1.113883.3.4220,
University of Michigan Health System,West Michigan Nephrology,2.16.840.1.113883.3.4220.4.10955^2.16.840.1.113883.3.4220,
University of Michigan Health System,Briarwood 01,2.16.840.1.113883.3.4220.4.10101^2.16.840.1.113883.3.4220,
University of Michigan Health System,Burlington,2.16.840.1.113883.3.4220.4.10205^2.16.840.1.113883.3.4220,
University of Michigan Health System,Med Inn Building,2.16.840.1.113883.3.4220.4.10006^2.16.840.1.113883.3.4220,
University of Michigan Health System,Ypsilanti Community Medical School,2.16.840.1.113883.3.4220.4.10909^2.16.840.1.113883.3.4220,
University of Michigan Health System,North Campus Admin Common-NCAC,2.16.840.1.113883.3.4220.4.10217^2.16.840.1.113883.3.4220,
University of Michigan Health System,Pediatric Rehabilitation Center,2.16.840.1.113883.3.4220.4.10951^2.16.840.1.113883.3.4220,
University of Michigan Health System,University Health Service,2.16.840.1.113883.3.4220.4.50501^2.16.840.1.113883.3.4220,
University of Michigan Health System,MICHIGAN MEDICINE AT SMR SENIOR LIVING,2.16.840.1.113883.3.4220.4.10943^2.16.840.1.113883.3.4220,
University of Michigan Health System,Traverwood Business Park,2.16.840.1.113883.3.4220.4.10225^2.16.840.1.113883.3.4220,
University of Michigan Health System,REGENCY AT BLUFFS PARK,2.16.840.1.113883.3.4220.4.10944^2.16.840.1.113883.3.4220,
University of Michigan Health System,MICHIGAN MEDICINE AT HHA SKILLED,2.16.840.1.113883.3.4220.4.10937^2.16.840.1.113883.3.4220,
University of Michigan Health System,Alpena General Hospital,2.16.840.1.113883.3.4220.4.10928^2.16.840.1.113883.3.4220,
University of Michigan Health System,MICHIGAN MEDICINE AT CCH,2.16.840.1.113883.3.4220.4.10932^2.16.840.1.113883.3.4220,
University of Michigan Health System,MICHIGAN MEDICINE AT USJM,2.16.840.1.113883.3.4220.4.10927^2.16.840.1.113883.3.4220,
University of Michigan Health System,MICHIGAN MEDICINE AT SMH PEDIATRIC,2.16.840.1.113883.3.4220.4.10929^2.16.840.1.113883.3.4220,
University of Michigan Health System,Michigan Heart - SJMH System,2.16.840.1.113883.3.4220.4.10942^2.16.840.1.113883.3.4220,
University of Michigan Health System,MICHIGAN MEDICINE AT AH RAD ONC,2.16.840.1.113883.3.4220.4.10926^2.16.840.1.113883.3.4220,
University of Michigan Health System,Taubman Center,2.16.840.1.113883.3.4220.4.10002^2.16.840.1.113883.3.4220,
University of Michigan Health System,Clark Professional Office Plaza,2.16.840.1.113883.3.4220.4.10968^2.16.840.1.113883.3.4220,
University of Michigan Health System,MICHIGAN MEDICINE AT UWSU,2.16.840.1.113883.3.4220.4.10972^2.16.840.1.113883.3.4220,
Borgess Health System,Woodbridge PST,2.16.840.1.113883.3.891.344^2.16.840.1.113883.3.891,
Borgess Health System,BORGESS WOMENS HLTH @CURRIER DR STE A,2.16.840.1.113883.3.891.11^2.16.840.1.113883.3.891,
Borgess Health System,Borgess Anticoag and Device Clinic,2.16.840.1.113883.3.891.37^2.16.840.1.113883.3.891,
Borgess Health System,Borgess Anticoag and Device Clinic - Battle Creek,2.16.840.1.113883.3.891.35^2.16.840.1.113883.3.891,
Borgess Health System,Borgess Anticoag and Device Clinic - Coldwater,2.16.840.1.113883.3.891.36^2.16.840.1.113883.3.891,
Borgess Health System,Borgess Bariatric Center - BHP,2.16.840.1.113883.3.891.460^2.16.840.1.113883.3.891,
Borgess Health System,Borgess Bariatric Center - North Pro,2.16.840.1.113883.3.891.41^2.16.840.1.113883.3.891,
Borgess Health System,Borgess Cardiology - BHP,2.16.840.1.113883.3.891.44^2.16.840.1.113883.3.891,
Borgess Health System,Borgess Cardiology - Coldwater,2.16.840.1.113883.3.891.451^2.16.840.1.113883.3.891,
Borgess Health System,Borgess Cardiology - Delton,2.16.840.1.113883.3.891.45^2.16.840.1.113883.3.891,
Borgess Health System,Borgess Cardiology - Hillsdale,2.16.840.1.113883.3.891.46^2.16.840.1.113883.3.891,
Borgess Health System,Borgess Cardiology - North Pro,2.16.840.1.113883.3.891.47^2.16.840.1.113883.3.891,
Borgess Health System,Borgess Cardiology - Three Rivers,2.16.840.1.113883.3.891.48^2.16.840.1.113883.3.891,
Borgess Health System,Borgess Cardiology - Westside,2.16.840.1.113883.3.891.437^2.16.840.1.113883.3.891,
Borgess Health System,Borgess Cardiothoracic Surgery - BHP,2.16.840.1.113883.3.891.438^2.16.840.1.113883.3.891,
Borgess Health System,Borgess Cardiothoracic Surgery - Henson,2.16.840.1.113883.3.891.351^2.16.840.1.113883.3.891,
Borgess Health System,Borgess Cardiothoracic Surgery - Marshall,2.16.840.1.113883.3.891.439^2.16.840.1.113883.3.891,
Borgess Health System,Borgess Cardiothoracic Surgery - Shaffer,2.16.840.1.113883.3.891.50^2.16.840.1.113883.3.891,
Borgess Health System,Borgess CorpFit Occupational Health Gull,2.16.840.1.113883.3.891.52^2.16.840.1.113883.3.891,
Borgess Health System,Borgess CorpFit Occupational Health Woodbridge,2.16.840.1.113883.3.891.441^2.16.840.1.113883.3.891,
Borgess Health System,Borgess Critical Care Services,2.16.840.1.113883.3.891.53^2.16.840.1.113883.3.891,
Borgess Health System,Borgess Diabetes Center - BHP,2.16.840.1.113883.3.891.353^2.16.840.1.113883.3.891,
Borgess Health System,Borgess Diabetes Center - Shaffer,2.16.840.1.113883.3.891.54^2.16.840.1.113883.3.891,
Borgess Health System,Borgess Diagnostics Delton,2.16.840.1.113883.3.891.55^2.16.840.1.113883.3.891,
Borgess Health System,Borgess Family  Medicine - Spine,2.16.840.1.113883.3.891.56^2.16.840.1.113883.3.891,
Borgess Health System,Borgess Family Internal Med - BHP PDCM,2.16.840.1.113883.3.891.409^2.16.840.1.113883.3.891,
Borgess Health System,Borgess Family Medicine - Delton,2.16.840.1.113883.3.891.182^2.16.840.1.113883.3.891,
Borgess Health System,Borgess Family Medicine - Delton PDCM,2.16.840.1.113883.3.891.410^2.16.840.1.113883.3.891,
Borgess Health System,Borgess Family Medicine - Diabetes ED,2.16.840.1.113883.3.891.60^2.16.840.1.113883.3.891,
Borgess Health System,Borgess Family Medicine - Ortho,2.16.840.1.113883.3.891.442^2.16.840.1.113883.3.891,
Borgess Health System,Borgess Family Medicine - Plainwell,2.16.840.1.113883.3.891.64^2.16.840.1.113883.3.891,
Borgess Health System,Borgess Family Medicine - Plainwell PDCM,2.16.840.1.113883.3.891.411^2.16.840.1.113883.3.891,
Borgess Health System,Borgess Family and Internal Med - BHP,2.16.840.1.113883.3.891.354^2.16.840.1.113883.3.891,
Borgess Health System,Borgess Family and Internal Med - John St,2.16.840.1.113883.3.891.57^2.16.840.1.113883.3.891,
Borgess Health System,Borgess Family and Internal Med JS PDCM,2.16.840.1.113883.3.891.412^2.16.840.1.113883.3.891,
Borgess Health System,Borgess Gardens,2.16.840.1.113883.3.891.67^2.16.840.1.113883.3.891,
Borgess Health System,Borgess Heart Center - Blue Star Hwy,2.16.840.1.113883.3.891.73^2.16.840.1.113883.3.891,
Borgess Health System,Borgess Heart Center - Coldwater,2.16.840.1.113883.3.891.74^2.16.840.1.113883.3.891,
Borgess Health System,Borgess Heart Center - Marshall,2.16.840.1.113883.3.891.76^2.16.840.1.113883.3.891,
Borgess Health System,Borgess Heart Center - Mattawan,2.16.840.1.113883.3.891.77^2.16.840.1.113883.3.891,
Borgess Health System,Borgess Heart Center - Plainwell,2.16.840.1.113883.3.891.79^2.16.840.1.113883.3.891,
Borgess Health System,Borgess Heart Center - Shaffer St.,2.16.840.1.113883.3.891.81^2.16.840.1.113883.3.891,
Borgess Health System,Borgess Heart Center - Sturgis,2.16.840.1.113883.3.891.82^2.16.840.1.113883.3.891,
Borgess Health System,Borgess Heart Center - Three Rivers,2.16.840.1.113883.3.891.83^2.16.840.1.113883.3.891,
Borgess Health System,Borgess Heart Center - Westside,2.16.840.1.113883.3.891.445^2.16.840.1.113883.3.891,
Borgess Health System,Borgess Heart Failure Clinic - Shaffer,2.16.840.1.113883.3.891.85^2.16.840.1.113883.3.891,
Borgess Health System,Borgess Internal Medicine - Columbia Ave,2.16.840.1.113883.3.891.87^2.16.840.1.113883.3.891,
Borgess Health System,Borgess Internal Medicine - Columbia PDCM,2.16.840.1.113883.3.891.413^2.16.840.1.113883.3.891,
Borgess Health System,Borgess Internal Medicine - NPRO PDCM,2.16.840.1.113883.3.891.414^2.16.840.1.113883.3.891,
Borgess Health System,Borgess Internal Medicine - North Pro,2.16.840.1.113883.3.891.90^2.16.840.1.113883.3.891,
Borgess Health System,Borgess Internal Medicine - WB PDCM,2.16.840.1.113883.3.891.415^2.16.840.1.113883.3.891,
Borgess Health System,Borgess Internal Medicine - Woodbridge,2.16.840.1.113883.3.891.92^2.16.840.1.113883.3.891,
Borgess Health System,Borgess Lee Cardiology,2.16.840.1.113883.3.891.94^2.16.840.1.113883.3.891,
Borgess Health System,Borgess Lee General Surgery,2.16.840.1.113883.3.891.95^2.16.840.1.113883.3.891,
Borgess Health System,Borgess Lee Medical Bone & Joint,2.16.840.1.113883.3.891.96^2.16.840.1.113883.3.891,
Borgess Health System,Borgess Lee Medical Group - Cassopolis,2.16.840.1.113883.3.891.97^2.16.840.1.113883.3.891,
Borgess Health System,Borgess Lee Medical Group - Dowagiac,2.16.840.1.113883.3.891.100^2.16.840.1.113883.3.891,
Borgess Health System,Borgess Lee Medical Group - Dowagiac PDCM,2.16.840.1.113883.3.891.416^2.16.840.1.113883.3.891,
Borgess Health System,Borgess Lee Medical Group - Pediatrics,2.16.840.1.113883.3.891.101^2.16.840.1.113883.3.891,
Borgess Health System,Borgess Lee Medical Group - Urology,2.16.840.1.113883.3.891.102^2.16.840.1.113883.3.891,
Borgess Health System,Borgess Lee Medical Group - Walk In,2.16.840.1.113883.3.891.366^2.16.840.1.113883.3.891,
Borgess Health System,Borgess Neurointerventional Services,2.16.840.1.113883.3.891.103^2.16.840.1.113883.3.891,
Borgess Health System,Borgess Neurology - Allegan,2.16.840.1.113883.3.891.104^2.16.840.1.113883.3.891,
Borgess Health System,Borgess Neurology - BC Capital Ave,2.16.840.1.113883.3.891.361^2.16.840.1.113883.3.891,
Borgess Health System,Borgess Neurology - BHP South,2.16.840.1.113883.3.891.362^2.16.840.1.113883.3.891,
Borgess Health System,Borgess Neurology - BMC Campus,2.16.840.1.113883.3.891.105^2.16.840.1.113883.3.891,
Borgess Health System,Borgess Neurology - Coldwater,2.16.840.1.113883.3.891.106^2.16.840.1.113883.3.891,
Borgess Health System,Borgess Neurology - Marshall,2.16.840.1.113883.3.891.365^2.16.840.1.113883.3.891,
Borgess Health System,Borgess Neurology - Three Rivers,2.16.840.1.113883.3.891.110^2.16.840.1.113883.3.891,
Borgess Health System,Borgess Neurology - Westside,2.16.840.1.113883.3.891.112^2.16.840.1.113883.3.891,
Borgess Health System,Borgess Orthopedics - 11th St,2.16.840.1.113883.3.891.114^2.16.840.1.113883.3.891,
Borgess Health System,Borgess Orthopedics - BHP,2.16.840.1.113883.3.891.363^2.16.840.1.113883.3.891,
Borgess Health System,Borgess Orthopedics - Delton,2.16.840.1.113883.3.891.116^2.16.840.1.113883.3.891,
Borgess Health System,Borgess Orthopedics - Fontbonne Manor,2.16.840.1.113883.3.891.483^2.16.840.1.113883.3.891,
Borgess Health System,Borgess Orthopedics - Gull,2.16.840.1.113883.3.891.458^2.16.840.1.113883.3.891,
Borgess Health System,Borgess Orthopedics - Walk In,2.16.840.1.113883.3.891.459^2.16.840.1.113883.3.891,
Borgess Health System,Borgess Outpatient,2.16.840.1.113883.3.891.117^2.16.840.1.113883.3.891,
Borgess Health System,Borgess Outpatient Neurology,2.16.840.1.113883.3.891.118^2.16.840.1.113883.3.891,
Borgess Health System,Borgess Palliative Care - BMC,2.16.840.1.113883.3.891.119^2.16.840.1.113883.3.891,
Borgess Health System,Borgess Palliative Care - Currier,2.16.840.1.113883.3.891.446^2.16.840.1.113883.3.891,
Borgess Health System,Borgess Palliative Care - Shaffer,2.16.840.1.113883.3.891.447^2.16.840.1.113883.3.891,
Borgess Health System,Borgess Pulmonary Hypertension Clinic,2.16.840.1.113883.3.891.484^2.16.840.1.113883.3.891,
Borgess Health System,Borgess Pulmonary Lung Nodule Clinic,2.16.840.1.113883.3.891.448^2.16.840.1.113883.3.891,
Borgess Health System,Borgess Pulmonary Lung Nodule Clinic BHP,2.16.840.1.113883.3.891.455^2.16.840.1.113883.3.891,
Borgess Health System,Borgess Pulmonary Medicine - BHP,2.16.840.1.113883.3.891.123^2.16.840.1.113883.3.891,
Borgess Health System,Borgess Pulmonary Medicine - Dowagiac,2.16.840.1.113883.3.891.124^2.16.840.1.113883.3.891,
Borgess Health System,Borgess Pulmonary Medicine - MSB,2.16.840.1.113883.3.891.125^2.16.840.1.113883.3.891,
Borgess Health System,Borgess Pulmonary Medicine - Outreach,2.16.840.1.113883.3.891.461^2.16.840.1.113883.3.891,
Borgess Health System,Borgess Pulmonary Medicine - Plainwell,2.16.840.1.113883.3.891.456^2.16.840.1.113883.3.891,
Borgess Health System,Borgess Pulmonary Medicine - TR,2.16.840.1.113883.3.891.126^2.16.840.1.113883.3.891,
Borgess Health System,Borgess Pulmonary Medicine - Woodbridge,2.16.840.1.113883.3.891.127^2.16.840.1.113883.3.891,
Borgess Health System,Borgess Rheumatology,2.16.840.1.113883.3.891.128^2.16.840.1.113883.3.891,
Borgess Health System,Borgess Spine - BHP,2.16.840.1.113883.3.891.452^2.16.840.1.113883.3.891,
Borgess Health System,Borgess Spine - Borgess Health & Fitness,2.16.840.1.113883.3.891.131^2.16.840.1.113883.3.891,
Borgess Health System,Borgess Stroke Clinic,2.16.840.1.113883.3.891.367^2.16.840.1.113883.3.891,
Borgess Health System,Borgess Surgical Specialties - BHP Bariatric,2.16.840.1.113883.3.891.453^2.16.840.1.113883.3.891,
Borgess Health System,Borgess Surgical Specialties - BHP General,2.16.840.1.113883.3.891.454^2.16.840.1.113883.3.891,
Borgess Health System,Borgess Surgical Specialties - Bariatric,2.16.840.1.113883.3.891.133^2.16.840.1.113883.3.891,
Borgess Health System,Borgess Surgical Specialties - Breast Surgery,2.16.840.1.113883.3.891.134^2.16.840.1.113883.3.891,
Borgess Health System,Borgess Surgical Specialties - Colorectal,2.16.840.1.113883.3.891.135^2.16.840.1.113883.3.891,
Borgess Health System,Borgess Surgical Specialties - General,2.16.840.1.113883.3.891.136^2.16.840.1.113883.3.891,
Borgess Health System,Borgess Surgical Specialties - Trauma Surgery,2.16.840.1.113883.3.891.137^2.16.840.1.113883.3.891,
Borgess Health System,Borgess Surgical Specialties - Westside,2.16.840.1.113883.3.891.364^2.16.840.1.113883.3.891,
Borgess Health System,Borgess Women's Health - BHP,2.16.840.1.113883.3.891.141^2.16.840.1.113883.3.891,
Borgess Health System,Borgess Women's Health - MSB,2.16.840.1.113883.3.891.142^2.16.840.1.113883.3.891,
Borgess Health System,Borgess Women's Health - Plainwell,2.16.840.1.113883.3.891.12^2.16.840.1.113883.3.891,
Borgess Health System,Borgess Wound Healing and Hyperbaric Center,2.16.840.1.113883.3.891.148^2.16.840.1.113883.3.891,
Borgess Health System,Diabetes Education - Shaffer,2.16.840.1.113883.3.891.186^2.16.840.1.113883.3.891,
Borgess Health System,Diabetes Education - Woodbridge,2.16.840.1.113883.3.891.187^2.16.840.1.113883.3.891,
Borgess Health System,ECP Alamo HOS,2.16.840.1.113883.3.891.369^2.16.840.1.113883.3.891,
Borgess Health System,ECP Alamo NH,2.16.840.1.113883.3.891.370^2.16.840.1.113883.3.891,
Borgess Health System,ECP Alamo SNU,2.16.840.1.113883.3.891.371^2.16.840.1.113883.3.891,
Borgess Health System,ECP Amber Place ALF,2.16.840.1.113883.3.891.372^2.16.840.1.113883.3.891,
Borgess Health System,ECP Amber Way ALF,2.16.840.1.113883.3.891.373^2.16.840.1.113883.3.891,
Borgess Health System,ECP Borgess Gardens HOS,2.16.840.1.113883.3.891.374^2.16.840.1.113883.3.891,
Borgess Health System,ECP Borgess Gardens NH,2.16.840.1.113883.3.891.375^2.16.840.1.113883.3.891,
Borgess Health System,ECP Borgess Gardens SNU,2.16.840.1.113883.3.891.376^2.16.840.1.113883.3.891,
Borgess Health System,ECP Crystal Woods ALF,2.16.840.1.113883.3.891.477^2.16.840.1.113883.3.891,
Borgess Health System,ECP Directors Hall ALF,2.16.840.1.113883.3.891.377^2.16.840.1.113883.3.891,
Borgess Health System,ECP Fontbonne Manor ALF,2.16.840.1.113883.3.891.378^2.16.840.1.113883.3.891,
Borgess Health System,ECP Friendship Village ALF,2.16.840.1.113883.3.891.379^2.16.840.1.113883.3.891,
Borgess Health System,ECP Friendship Village HOS,2.16.840.1.113883.3.891.380^2.16.840.1.113883.3.891,
Borgess Health System,ECP Friendship Village NH,2.16.840.1.113883.3.891.381^2.16.840.1.113883.3.891,
Borgess Health System,ECP Friendship Village SNU,2.16.840.1.113883.3.891.382^2.16.840.1.113883.3.891,
Borgess Health System,ECP Grace Healthcare of Three Rivers HOS,2.16.840.1.113883.3.891.480^2.16.840.1.113883.3.891,
Borgess Health System,ECP Grace Healthcare of Three Rivers NH,2.16.840.1.113883.3.891.482^2.16.840.1.113883.3.891,
Borgess Health System,ECP Grace Healthcare of Three Rivers SNU,2.16.840.1.113883.3.891.481^2.16.840.1.113883.3.891,
Borgess Health System,ECP Heartland Health HOS,2.16.840.1.113883.3.891.383^2.16.840.1.113883.3.891,
Borgess Health System,ECP Heartland Health NH,2.16.840.1.113883.3.891.384^2.16.840.1.113883.3.891,
Borgess Health System,ECP Heartland Health SNU,2.16.840.1.113883.3.891.385^2.16.840.1.113883.3.891,
Borgess Health System,ECP Home,2.16.840.1.113883.3.891.386^2.16.840.1.113883.3.891,
Borgess Health System,ECP Laurels of Galesburg HOS,2.16.840.1.113883.3.891.474^2.16.840.1.113883.3.891,
Borgess Health System,ECP Laurels of Galesburg NH,2.16.840.1.113883.3.891.475^2.16.840.1.113883.3.891,
Borgess Health System,ECP Laurels of Galesburg SNU,2.16.840.1.113883.3.891.476^2.16.840.1.113883.3.891,
Borgess Health System,ECP Life Care Plainwell HOS,2.16.840.1.113883.3.891.387^2.16.840.1.113883.3.891,
Borgess Health System,ECP Life Care Plainwell NH,2.16.840.1.113883.3.891.388^2.16.840.1.113883.3.891,
Borgess Health System,ECP Life Care Plainwell SNU,2.16.840.1.113883.3.891.389^2.16.840.1.113883.3.891,
Borgess Health System,ECP Medilodge Kal HOS,2.16.840.1.113883.3.891.390^2.16.840.1.113883.3.891,
Borgess Health System,ECP Medilodge Kal NH,2.16.840.1.113883.3.891.391^2.16.840.1.113883.3.891,
Borgess Health System,ECP Medilodge Kal SNU,2.16.840.1.113883.3.891.392^2.16.840.1.113883.3.891,
Borgess Health System,ECP Medilodge Portage HOS,2.16.840.1.113883.3.891.393^2.16.840.1.113883.3.891,
Borgess Health System,ECP Medilodge Portage NH,2.16.840.1.113883.3.891.394^2.16.840.1.113883.3.891,
Borgess Health System,ECP Medilodge Portage SNU,2.16.840.1.113883.3.891.395^2.16.840.1.113883.3.891,
Borgess Health System,ECP Medilodge Westwood HOS,2.16.840.1.113883.3.891.396^2.16.840.1.113883.3.891,
Borgess Health System,ECP Medilodge Westwood NH,2.16.840.1.113883.3.891.397^2.16.840.1.113883.3.891,
Borgess Health System,ECP Medilodge Westwood SNU,2.16.840.1.113883.3.891.398^2.16.840.1.113883.3.891,
Borgess Health System,ECP Oakview Terrace ALF,2.16.840.1.113883.3.891.478^2.16.840.1.113883.3.891,
Borgess Health System,ECP Park Village Pine ALF,2.16.840.1.113883.3.891.479^2.16.840.1.113883.3.891,
Borgess Health System,ECP Stanford Lodge ALF,2.16.840.1.113883.3.891.400^2.16.840.1.113883.3.891,
Borgess Health System,ECP The Fountains Bron ALF,2.16.840.1.113883.3.891.401^2.16.840.1.113883.3.891,
Borgess Health System,ECP The Fountains Bron HOS,2.16.840.1.113883.3.891.402^2.16.840.1.113883.3.891,
Borgess Health System,ECP The Fountains Bron NH,2.16.840.1.113883.3.891.403^2.16.840.1.113883.3.891,
Borgess Health System,ECP The Fountains Bron SNU,2.16.840.1.113883.3.891.404^2.16.840.1.113883.3.891,
Borgess Health System,ECP Upjohn Community HOS,2.16.840.1.113883.3.891.405^2.16.840.1.113883.3.891,
Borgess Health System,ECP Upjohn Community NH,2.16.840.1.113883.3.891.406^2.16.840.1.113883.3.891,
Borgess Health System,ECP Upjohn Community SNU,2.16.840.1.113883.3.891.407^2.16.840.1.113883.3.891,
Borgess Health System,ECP Wyndham West ALF,2.16.840.1.113883.3.891.408^2.16.840.1.113883.3.891,
Borgess Health System,Galesburg Family Practice,2.16.840.1.113883.3.891.356^2.16.840.1.113883.3.891,
Borgess Health System,Galesburg Family Practice PDCM,2.16.840.1.113883.3.891.417^2.16.840.1.113883.3.891,
Borgess Health System,Mattawan Family Practice,2.16.840.1.113883.3.891.7^2.16.840.1.113883.3.891,
Borgess Health System,Mattawan Family Practice PDCM,2.16.840.1.113883.3.891.418^2.16.840.1.113883.3.891,
Borgess Health System,Mattawan Pediatrics,2.16.840.1.113883.3.891.251^2.16.840.1.113883.3.891,
Borgess Health System,Neurosurg of KZ @ Borgess - Allegan,2.16.840.1.113883.3.891.260^2.16.840.1.113883.3.891,
Borgess Health System,Neurosurg of KZ @ Borgess - BHP,2.16.840.1.113883.3.891.264^2.16.840.1.113883.3.891,
Borgess Health System,Neurosurg of KZ @ Borgess - BMC campus,2.16.840.1.113883.3.891.261^2.16.840.1.113883.3.891,
Borgess Health System,Neurosurg of KZ @ Borgess - Coldwater,2.16.840.1.113883.3.891.262^2.16.840.1.113883.3.891,
Borgess Health System,Neurosurg of KZ @ Borgess - Oaklawn,2.16.840.1.113883.3.891.263^2.16.840.1.113883.3.891,
Borgess Health System,Neurosurg of KZ @ Borgess - Park St.,2.16.840.1.113883.3.891.265^2.16.840.1.113883.3.891,
Borgess Health System,Neurosurg of KZ @ Borgess - Sturgis,2.16.840.1.113883.3.891.266^2.16.840.1.113883.3.891,
Borgess Health System,Neurosurg of KZ @ Borgess - Three Rivers,2.16.840.1.113883.3.891.457^2.16.840.1.113883.3.891,
Borgess Health System,Neurosurg of KZ @ Borgess - West Main,2.16.840.1.113883.3.891.268^2.16.840.1.113883.3.891,
Borgess Health System,Promed Health All Sites,2.16.840.1.113883.3.891.285^2.16.840.1.113883.3.891,
Borgess Health System,Richland Family Practice PDCM,2.16.840.1.113883.3.891.368^2.16.840.1.113883.3.891,
Borgess Health System,Richland Pediatrics PDCM,2.16.840.1.113883.3.891.419^2.16.840.1.113883.3.891,
Borgess Health System,Shaffer Heart Center Diagnostics,2.16.840.1.113883.3.891.302^2.16.840.1.113883.3.891,
Borgess Health System,THREE RIVERS FAMILY PRACTICE,2.16.840.1.113883.3.891.10^2.16.840.1.113883.3.891,
Borgess Health System,Three Rivers Family Practice PDCM,2.16.840.1.113883.3.891.420^2.16.840.1.113883.3.891,
Borgess Health System,WBIM Amber Place ALF,2.16.840.1.113883.3.891.422^2.16.840.1.113883.3.891,
Borgess Health System,WBIM Amber Way ALF,2.16.840.1.113883.3.891.423^2.16.840.1.113883.3.891,
Borgess Health System,WBIM Bickford Cottage ALF,2.16.840.1.113883.3.891.424^2.16.840.1.113883.3.891,
Borgess Health System,WBIM Crystal Woods ALF,2.16.840.1.113883.3.891.425^2.16.840.1.113883.3.891,
Borgess Health System,WBIM Directors Hall ALF,2.16.840.1.113883.3.891.426^2.16.840.1.113883.3.891,
Borgess Health System,WBIM Fountainview Portage ALF,2.16.840.1.113883.3.891.427^2.16.840.1.113883.3.891,
Borgess Health System,WBIM Friendship Village ALF,2.16.840.1.113883.3.891.428^2.16.840.1.113883.3.891,
Borgess Health System,WBIM Grace Valley ALF,2.16.840.1.113883.3.891.429^2.16.840.1.113883.3.891,
Borgess Health System,WBIM Home,2.16.840.1.113883.3.891.430^2.16.840.1.113883.3.891,
Borgess Health System,WBIM New Friends ALF,2.16.840.1.113883.3.891.431^2.16.840.1.113883.3.891,
Borgess Health System,WBIM Oakview Terrace ALF,2.16.840.1.113883.3.891.432^2.16.840.1.113883.3.891,
Borgess Health System,WBIM Park Place ALF,2.16.840.1.113883.3.891.433^2.16.840.1.113883.3.891,
Borgess Health System,WBIM Park Village Pines ALF,2.16.840.1.113883.3.891.434^2.16.840.1.113883.3.891,
Borgess Health System,WBIM Sues Loving Care ALF,2.16.840.1.113883.3.891.435^2.16.840.1.113883.3.891,
Borgess Health System,WBIM Wyndham West ALF,2.16.840.1.113883.3.891.436^2.16.840.1.113883.3.891,
Borgess Health System,Woodbridge Family Practice,2.16.840.1.113883.3.891.13^2.16.840.1.113883.3.891,
Borgess Health System,Woodbridge Family Practice PDCM,2.16.840.1.113883.3.891.286^2.16.840.1.113883.3.891,
Borgess Health System,Woodbridge Immediate Care,2.16.840.1.113883.3.891.341^2.16.840.1.113883.3.891,
Borgess Health System,Woodbridge Pediatrics,2.16.840.1.113883.3.891.14^2.16.840.1.113883.3.891,
Borgess Health System,Woodbridge Pediatrics PDCM,2.16.840.1.113883.3.891.421^2.16.840.1.113883.3.891,
Borgess Health System,Woodbridge Sleep Lab,2.16.840.1.113883.3.891.345^2.16.840.1.113883.3.891,
Borgess Health System,Woodbridge Walk-In Care Clinic,2.16.840.1.113883.3.891.346^2.16.840.1.113883.3.891,
Borgess Health System,Pipp Outpatient,2.16.840.1.113883.3.891.281^2.16.840.1.113883.3.891,
Borgess Health System,Borgess Cardiac Rehabilitation,2.16.840.1.113883.3.891.42^2.16.840.1.113883.3.891,
Borgess Health System,Lee Outpatient,2.16.840.1.113883.3.891.245^2.16.840.1.113883.3.891,
