oid,facility
"",Default
1.3.6.1.4.1.22812.3.7515501.3,Ascension Medical Group Genesys
1.3.6.1.4.1.22812.3.7515501.6,Ascension Medical Group St. Mary's
1.3.6.1.4.1.32898.1.4,Spectrum Health System
1.3.6.1.4.1.32898.1.4.2.10,Spectrum Health Grand Rapids Hospitals
1.3.6.1.4.1.32898.1.4.2.100,Spectrum Health Pennock Hospital
1.3.6.1.4.1.32898.1.4.2.11,Butterworth Hospital
1.3.6.1.4.1.32898.1.4.2.12,Blodgett Hospital
1.3.6.1.4.1.32898.1.4.2.13,Helen DeVos Children's Hospital
1.3.6.1.4.1.32898.1.4.2.14,Meijer Heart Center
1.3.6.1.4.1.32898.1.4.2.20,Special Care Hospital
1.3.6.1.4.1.32898.1.4.2.30,Spectrum Health Reed City Hospital
1.3.6.1.4.1.32898.1.4.2.40,Spectrum Health Gerber Memorial Hospital
1.3.6.1.4.1.32898.1.4.2.50,Spectrum Health United Hospital
1.3.6.1.4.1.32898.1.4.2.60,Spectrum Health Kelsey Hospital
1.3.6.1.4.1.32898.1.4.2.70,Spectrum Health Zeeland Hospital
1.3.6.1.4.1.32898.1.4.2.80,Spectrum Health Big Rapids Hospital
1.3.6.1.4.1.32898.1.4.2.90,Spectrum Health Ludington Hospital
2.16.840.1.113883.17.159,Lakeland Hospital Watervliet
2.16.840.1.113883.17.160,Lakeland Hospital St Joseph
2.16.840.1.113883.17.162,Lakeland Hospital Niles
2.16.840.1.113883.17.3912,UP Health System - Portage
2.16.840.1.113883.17.3943,St. John Hospital & Medical Center
2.16.840.1.113883.17.3945,St. John Macomb Hospital
2.16.840.1.113883.17.3948,St. John Oakland Hospital
2.16.840.1.113883.17.3949,St. John River District Hospital
2.16.840.1.113883.17.3950,St. John Providence Hospital
2.16.840.1.113883.17.3951,St. John Providence Park Hospital
2.16.840.1.113883.17.3972,Aspirus Ironwood Hospital
2.16.840.1.113883.17.3973,Aspirus Keweenaw Hospital
2.16.840.1.113883.17.3975,Aspirus Ontonagon Hospital
2.16.840.1.113883.17.3984,Medical Resource Group
2.16.840.1.113883.17.3985,Medical Resource Group
2.16.840.1.113883.17.4015,HFCC ALI ORANDI MD PLC
2.16.840.1.113883.17.4027,HFCC AARON VANWAGNEN MD PLLC
2.16.840.1.113883.17.4028,JACKSON UROLOGY
2.16.840.1.113883.17.4029,HFCC CFH MOBILE DENTAL UNIT
2.16.840.1.113883.17.4030.2,JACKSON HEMATOLOGY ONCOLOGY
2.16.840.1.113883.17.4030.3,JACKSON TRAUMA CLINIC
2.16.840.1.113883.17.4030.4,JACKSON SURGERY THORACIC
2.16.840.1.113883.17.4030.6,JACKSON CARDIAC SURGERY
2.16.840.1.113883.17.4031.1,TENEYCK OTOLARYNGOLOGY
2.16.840.1.113883.17.4031.2,TENEYCK AUDIOLOGY
2.16.840.1.113883.17.4032,HFCC CFH LIFEWAYS
2.16.840.1.113883.17.4033,HFCC GRASS LAKE MEDICAL
2.16.840.1.113883.17.4034,GRASS LAKE FAMILY MEDICINE
2.16.840.1.113883.17.4035,HFCC ROBERT ISRAEL MD
2.16.840.1.113883.17.4036,LESLIE FAMILY MEDICINE
2.16.840.1.113883.17.4037,NORTH ST EXTND HOURS CLINIC
2.16.840.1.113883.17.4038,HFCC PEDIATRIC CENTER OF JACKSON
2.16.840.1.113883.17.4039,HFCC ALLAN TOMPKINS MD PC
2.16.840.1.113883.17.4040,HFCC DAVID HALSEY MD
2.16.840.1.113883.17.4041,HFCC LYNN C VANWAGNEN MD
2.16.840.1.113883.17.4042.3,AND BLDG BHS OPD
2.16.840.1.113883.17.4042.4,Henry Ford Allegiance Health
2.16.840.1.113883.17.4043,"HFCC JACKSON CARDIOLOGY ASSOCIATES, PC"
2.16.840.1.113883.17.4044,HFCC JACKSON PEDIATRIC ASSOCIATES
2.16.840.1.113883.17.4045.1,JACKSON SENIOR HEALTH CTR
2.16.840.1.113883.17.4046.2,SPRINGPORT RD BHS OPD
2.16.840.1.113883.17.4047,HFCC CFH PHC FM
2.16.840.1.113883.17.4048,HFCC SPRINGCREST FAMILY PHYSICIANS
2.16.840.1.113883.17.4049,ALBION RAD
2.16.840.1.113883.17.4050,SUMMIT WDS FAMILY MEDICINE
2.16.840.1.113883.17.4051.1,ALBION FAMILY MEDICINE
2.16.840.1.113883.17.4052.1,JACKSON VASCULAR LAB
2.16.840.1.113883.17.4052.2,JACKSON VASCULAR HEALTH
2.16.840.1.113883.17.4054.1,E MICHIGAN FAMILY MEDICINE
2.16.840.1.113883.17.4054.2,E MICHIGAN FAM MED RAD GENERAL
2.16.840.1.113883.17.4055,JACKSON WOMENS  HEALTH
2.16.840.1.113883.17.4056,TOWNSEND FAMILY MEDICINE
2.16.840.1.113883.17.4058.1,HILLSDALE NEURO CLINIC
2.16.840.1.113883.17.4058.2,HILLSDALE VASCULAR HEALTH
2.16.840.1.113883.17.4059,HFCC DAVID MUNRO MD PC
2.16.840.1.113883.17.4061,HFCC CFH DENTAL
2.16.840.1.113883.17.4062,HFCC CFH JHHC BH
2.16.840.1.113883.17.4063,HFCC CFH NWCHC BH
2.16.840.1.113883.17.4064,HFCC GREENWOOD PEDIATRIC CLINIC PC
2.16.840.1.113883.17.4065,HFCC NADEEM ULLAH MD PLC
2.16.840.1.113883.17.4066.2,JACKSON GASTROENTEROLOGY
2.16.840.1.113883.17.4066.4,JACKSON SURGERY GENERAL
2.16.840.1.113883.17.4067,HFCC PINSON UROLOGY CENTER PC
2.16.840.1.113883.17.4068,HFCC LORNA PINSON
2.16.840.1.113883.17.4069,JACKSON PEDIATRICS
2.16.840.1.113883.17.4070,SPRING ARBOR FAM MED RAD GENERAL
2.16.840.1.113883.17.4071.1,MASON FAMILY MEDICINE
2.16.840.1.113883.17.4071.2,MASON PHYS THER
2.16.840.1.113883.17.4072,SPRINGPORT RD DIABETES EDUCATION
2.16.840.1.113883.17.4073,ONSTED FAMILY MEDICINE
2.16.840.1.113883.17.4092,Boyne Area Medical
2.16.840.1.113883.17.4093,Physicians Clinic
2.16.840.1.113883.17.4094,Charlevoix Womens
2.16.840.1.113883.17.45,CHARLEVOIX AH
2.16.840.1.113883.3.1097,Hospital
2.16.840.1.113883.3.1097.105,Royal Oak
2.16.840.1.113883.3.1097.205,Troy
2.16.840.1.113883.3.1097.405,Grosse Pointe
2.16.840.1.113883.3.1097.705,Farmington Hills
2.16.840.1.113883.3.1145,War Memorial
2.16.840.1.113883.3.1145.1,War Memorial - Urgent Care
2.16.840.1.113883.3.1145.2,War Memorial - Hospital
2.16.840.1.113883.3.1158,Holland Hospital
2.16.840.1.113883.3.1164,Munson Medical Center
2.16.840.1.113883.3.1195,Oaklawn Hospital
2.16.840.1.113883.3.1199,MidMichigan Medical Center - Alpena
2.16.840.1.113883.3.1199.1,MidMichigan Medical Center - Alpena
2.16.840.1.113883.3.1364,Ascension Providence Rochester
2.16.840.1.113883.3.137,Chelsea Community Hospital
2.16.840.1.113883.3.137.10,St. Mary Mercy Medical Center
2.16.840.1.113883.3.137.20,Mercy General Health Partners
2.16.840.1.113883.3.137.200,Mercy Port Huron
2.16.840.1.113883.3.137.210,St. Joseph Mercy Hospital Ann Arbor
2.16.840.1.113883.3.137.220,St. Joseph Mercy Livingston Hospital
2.16.840.1.113883.3.137.230,Chelsea Community Hospital
2.16.840.1.113883.3.137.240,St. Mary Mercy Hospital
2.16.840.1.113883.3.137.250,St. Joseph Mercy-Oakland
2.16.840.1.113883.3.137.30,Hackley Hospital
2.16.840.1.113883.3.137.40,Lakeshore Community Hospital
2.16.840.1.113883.3.137.4.2000.100,Sanctuary at McAuley
2.16.840.1.113883.3.137.4.2000.110,Sanctuary at St Marys
2.16.840.1.113883.3.137.4.2000.120,Sanctuary at the Park
2.16.840.1.113883.3.137.4.2000.130,Sanctuary at the Shore
2.16.840.1.113883.3.137.4.2000.140,Sanctuary at White Lake
2.16.840.1.113883.3.137.4.2000.50,Glacier Hills
2.16.840.1.113883.3.137.4.2000.60,Sanctuary at Bellbrook
2.16.840.1.113883.3.137.4.2000.70,Sanctuary at Fraser Villa
2.16.840.1.113883.3.137.4.2000.80,Mary Free Bed Sub Acute Rehabilitation
2.16.840.1.113883.3.137.4.2000.90,Marycrest Manor
2.16.840.1.113883.3.137.4.4000.10,"St. Joseph Home Care and Hospice, Oakland"
2.16.840.1.113883.3.137.4.4000.20,"St. Joseph Home Care and Hospice, AA"
2.16.840.1.113883.3.137.4.4000.30,"St. Joseph Home Care and Hospice, Livingston"
2.16.840.1.113883.3.137.4.4000.40,Chelsea Home Care
2.16.840.1.113883.3.137.4.4000.50,"Mercy Home Care and Hospice, Muskegon"
2.16.840.1.113883.3.137.4.4000.60,Mercy Home Care Grand Rapids
2.16.840.1.113883.3.137.4.70,Bronson Battle Creek Hospital
2.16.840.1.113883.3.1696,Genesys Health System
2.16.840.1.113883.3.1738,MidMichigan Health System
2.16.840.1.113883.3.1738.1,MidMichigan Medical Center - Clare
2.16.840.1.113883.3.1738.2,MidMichigan Medical Center - Gladwin
2.16.840.1.113883.3.1738.3,MidMichigan Medical Center - Gratiot
2.16.840.1.113883.3.1738.4,MidMichigan Medical Center - Midland
2.16.840.1.113883.3.1939.1,North Ottawa Community Hospital
2.16.840.1.113883.3.2186,Munson Healthcare Manistee Hospital
2.16.840.1.113883.3.2403,ProMedica Coldwater
2.16.840.1.113883.3.2533,UP Health Systems - Marquette
2.16.840.1.113883.3.271.3190,Allegan General Hospital
2.16.840.1.113883.3.3238.50.1726,Straith Hospital for Special Surgery
2.16.840.1.113883.3.3238.50.2362,Metron of Greenville
2.16.840.1.113883.3.3238.50.2363,Metron of Big Rapids
2.16.840.1.113883.3.3238.50.2364,Metron of Belding
2.16.840.1.113883.3.3238.50.2365,Metron of Cedar Springs
2.16.840.1.113883.3.3238.50.2366,Metron of Forest Hills
2.16.840.1.113883.3.3238.50.2367,Metron of Lamont
2.16.840.1.113883.3.3238.50.446,Munson Healthcare - Otsego Memorial Hospital
2.16.840.1.113883.3.3238.50.958,Lake Huron Medical Center
2.16.840.1.113883.3.3252,Munson Healthcare Cadillac Hospital
2.16.840.1.113883.3.3253,Munson Healthcare Grayling Hospital
2.16.840.1.113883.3.3254,Paul Oliver Memorial Hospital
2.16.840.1.113883.3.3255,Kalkaska Memorial Health Center
2.16.840.1.113883.3.3372,Metro Health Hospital 
2.16.840.1.113883.3.3413,HURLEY MEDICAL CENTER
2.16.840.1.113883.3.3413.1,MICHIGAN HEALTH SPECIALISTS- SERVICE AREA -60 / SUB ID
2.16.840.1.113883.3.3413.10,AHMED ARIF_MOHAMMED SYED clinics/ SUB ID
2.16.840.1.113883.3.3413.11,MUSTAFA_AKPINAR/ SUB ID
2.16.840.1.113883.3.3413.12,MICHIGAN HEALTH SPECIALISTS CENTER ROAD
2.16.840.1.113883.3.3413.13,MICHIGAN HEALTH SPECIALISTS HILL ROAD
2.16.840.1.113883.3.3413.14,MICHIGAN HEALTH SPECIALISTS LAPEER
2.16.840.1.113883.3.3413.15,MICHIGAN HEALTH SPECIALISTS LINDEN ROAD
2.16.840.1.113883.3.3413.16,MICHIGAN HEALTH SPECIALISTS LONGWAY BLV
2.16.840.1.113883.3.3413.17,ACC SERVICE AREA - 64 / SUB ID
2.16.840.1.113883.3.3413.18,SHARMAN/ SUB ID - SA 54
2.16.840.1.113883.3.3413.2,HURLEY HEALTH SERVICES- SERVICE AREA - 20 / SUB ID
2.16.840.1.113883.3.3413.3,ELMAHDI M. SAEED - SERVICE AREA -61 / SUB ID
2.16.840.1.113883.3.3413.4,HURLEY EMERGENT / SUB ID
2.16.840.1.113883.3.3413.5,HURLEY AMBULATORY / SUB ID
2.16.840.1.113883.3.3413.6,HURLEY URGENT CARE/ SUB ID
2.16.840.1.113883.3.3413.7,GRAND BLANC URGENT CARE/ SUB ID
2.16.840.1.113883.3.3413.8,HABIB AKRAWI / SUB ID
2.16.840.1.113883.3.3413.9,MANOHARAN EUSTACE / SUB ID
2.16.840.1.113883.3.3571.1,Sturgis Hospital
2.16.840.1.113883.3.3823,Henry Ford Health System (Root OID)
2.16.840.1.113883.3.3823.101,Henry Ford Main Campus
2.16.840.1.113883.3.3823.1010010308,HENRY FORD ACUTE CARE AT HOME
2.16.840.1.113883.3.3823.1010012,HFHN HENRY FORD CLINIC
2.16.840.1.113883.3.3823.101002,HFHN ARAB COMMUNITY CENTER ECONOMIC & SOCIAL SERVICES
2.16.840.1.113883.3.3823.101003,HFHN ALLEN PARK
2.16.840.1.113883.3.3823.101004,HFHN ANN ARBOR
2.16.840.1.113883.3.3823.101005,HFHN BEHAVIORAL HEALTH SERVICES DEARBORN
2.16.840.1.113883.3.3823.101006,HFHN BLOOMFIELD HILLS
2.16.840.1.113883.3.3823.101007,HFHN CANTON
2.16.840.1.113883.3.3823.1010070016,CANTON METABOLIC HEALTH
2.16.840.1.113883.3.3823.101008,HFHN CENTER FOR ATHLETIC MEDICINE
2.16.840.1.113883.3.3823.101009,HFHN CENTER FOR REPRODUCTIVE MEDICINE
2.16.840.1.113883.3.3823.101010,HFHN CHRYSLER
2.16.840.1.113883.3.3823.101011,HFHN CLINTON OAKS BEHAVIORAL HEALTH SERVICES
2.16.840.1.113883.3.3823.101012,HFHN COLUMBUS
2.16.840.1.113883.3.3823.101013,HFHN COMMERCE
2.16.840.1.113883.3.3823.101014,Henry Ford Cottage
2.16.840.1.113883.3.3823.1010141,Henry Ford Cottage Clinic
2.16.840.1.113883.3.3823.101015,HFHN DETROIT NORTHWEST
2.16.840.1.113883.3.3823.101016,HFHN DOWNRIVER CENTER FOR ONCOLOGY
2.16.840.1.113883.3.3823.101017,HFHN EAST JEFFERSON
2.16.840.1.113883.3.3823.101018,Henry Ford Fairlane
2.16.840.1.113883.3.3823.1010181,Henry Ford Fairlane Clinic
2.16.840.1.113883.3.3823.101019,HFHN FARMINGTON ROAD
2.16.840.1.113883.3.3823.101020,HFHN FORD ROAD MOB
2.16.840.1.113883.3.3823.101021,HFHN HAMTRAMCK
2.16.840.1.113883.3.3823.101022,HFHN HARBORTOWN
2.16.840.1.113883.3.3823.1010220011,HARBORTOWN PEDIATRICS
2.16.840.1.113883.3.3823.101023,HFHN LAKESIDE
2.16.840.1.113883.3.3823.101024,HFHN LIVONIA
2.16.840.1.113883.3.3823.101025,HFHN LOWELL PARK REHAB
2.16.840.1.113883.3.3823.101026,HFHN MACOMB WARREN REHAB
2.16.840.1.113883.3.3823.101027,HFHN NEW CENTER ONE
2.16.840.1.113883.3.3823.101028,HFHN NOVI
2.16.840.1.113883.3.3823.101029,HFHN PIERSON
2.16.840.1.113883.3.3823.101030,HFHN BECK
2.16.840.1.113883.3.3823.1010300003,BECK RD INTERNAL MEDICINE
2.16.840.1.113883.3.3823.1010300004,BECK RD FAMILY MEDICINE
2.16.840.1.113883.3.3823.1010300006,BECK RD SPORTS MEDICINE
2.16.840.1.113883.3.3823.1010300007,BECK RD PEDIATRICS
2.16.840.1.113883.3.3823.1010300008,BECK RD PATHOLOGY
2.16.840.1.113883.3.3823.1010300009,BECK RD RAD GENERAL
2.16.840.1.113883.3.3823.1010300011,BECK RD AMB CASE MANAGEMENT
2.16.840.1.113883.3.3823.1010300012,BECK RD PHARMACY MEDICATION THERAPY MGMT
2.16.840.1.113883.3.3823.1010300013,BECK RD PHARMACY CARE MANAGEMENT
2.16.840.1.113883.3.3823.1010300014,BECK RD RAD MOBILE MAMMOGRAPHY
2.16.840.1.113883.3.3823.1010300015,BECK RD ORTHO WALK-IN
2.16.840.1.113883.3.3823.101031,HFHN ROYAL OAK
2.16.840.1.113883.3.3823.101032,Henry Ford Sterling Heights
2.16.840.1.113883.3.3823.1010321,Henry Ford Sterling Heights Clinic
2.16.840.1.113883.3.3823.101033,HFHN SOUTHFIELD
2.16.840.1.113883.3.3823.101034,HFHN SOUTHLAND
2.16.840.1.113883.3.3823.101035,HFHN TAYLOR
2.16.840.1.113883.3.3823.101036,HFHN TROY
2.16.840.1.113883.3.3823.101038,HFHN WOODHAVEN
2.16.840.1.113883.3.3823.101039,HFHN WARREN CHICAGO RD
2.16.840.1.113883.3.3823.101040,HFHN ONE FORD PLACE
2.16.840.1.113883.3.3823.101041,HFHN TECH TOWN
2.16.840.1.113883.3.3823.101042,HFHN SOUTHGATE SUPER VISION CTR
2.16.840.1.113883.3.3823.101043,HFHN TROY SUPER VISION CTR
2.16.840.1.113883.3.3823.101044,HFHN WESTLAND SUPER VISION CTR
2.16.840.1.113883.3.3823.101045,HFHN LAKESIDE SUPER VISION CTR
2.16.840.1.113883.3.3823.101046,HFHN GPP SUPER VISION CTR
2.16.840.1.113883.3.3823.101047,HFHN ROSEVILLE SUPER VISION CTR
2.16.840.1.113883.3.3823.101050,HFHN MONROE
2.16.840.1.113883.3.3823.101051,HFHN WYANDOTTE WOMENS HEALTH
2.16.840.1.113883.3.3823.101052,HFHN MACOMB
2.16.840.1.113883.3.3823.101054,HFHN PROVIDENCE
2.16.840.1.113883.3.3823.101055,HFHN LANSING
2.16.840.1.113883.3.3823.101056,HFHN HURLEY
2.16.840.1.113883.3.3823.101057,HFHN YPSILANTI
2.16.840.1.113883.3.3823.101058,HFHN SPECTRUM HEALTH
2.16.840.1.113883.3.3823.101059,HFHN GRAND BLANC
2.16.840.1.113883.3.3823.101060,HFHN ST JOHN
2.16.840.1.113883.3.3823.101061,HFHN PONTIAC
2.16.840.1.113883.3.3823.101062,HFHN MACOMB
2.16.840.1.113883.3.3823.101063,HFHN BORGESS
2.16.840.1.113883.3.3823.101064,HFHN DOWNRIVER HOME HEALTH
2.16.840.1.113883.3.3823.101065,HFHN EAST HOME HEALTH
2.16.840.1.113883.3.3823.101066,HFHN NORTH HOME HEALTH
2.16.840.1.113883.3.3823.101067,HFHN FOX RUN
2.16.840.1.113883.3.3823.101068,HFHN MACOMB SHELBY
2.16.840.1.113883.3.3823.101069,HFHN SEVILLE III
2.16.840.1.113883.3.3823.101070,HFHN SHELBY MALL
2.16.840.1.113883.3.3823.101071,HFHN TAYLOR SUPER VISION CTR
2.16.840.1.113883.3.3823.101072,HFHN LAKESIDE SUPER VISION CTR
2.16.840.1.113883.3.3823.1010730001,HFHN FLINT
2.16.840.1.113883.3.3823.101074,HFHN EAST LANSING
2.16.840.1.113883.3.3823.101075,HFHN GENESYS
2.16.840.1.113883.3.3823.101076,HFHN SAGINAW
2.16.840.1.113883.3.3823.101077,HFHN WOODWARD
2.16.840.1.113883.3.3823.101078,HFHN GROSSE POINTE
2.16.840.1.113883.3.3823.101079,HFHN BRUCE
2.16.840.1.113883.3.3823.101081,HFHN FRASER
2.16.840.1.113883.3.3823.101082,HFHN HARBORTOWN II
2.16.840.1.113883.3.3823.101083,HFHN SOUTHFIELD SUPERVISION
2.16.840.1.113883.3.3823.101084,HFHN DTE ENERGY
2.16.840.1.113883.3.3823.101085,HFHN MACOMB SLEEP CENTER
2.16.840.1.113883.3.3823.101086,HFHN WAYNE STATE UNIV
2.16.840.1.113883.3.3823.101087,HFHN CLINTON TWP SVC
2.16.840.1.113883.3.3823.101088,HGHN MILFORD
2.16.840.1.113883.3.3823.101089,HFHN W BLOOMFIELD SUPERVISION CTR
2.16.840.1.113883.3.3823.101090,HFHN CHESTERFIELD
2.16.840.1.113883.3.3823.101091,HFHN LANSING
2.16.840.1.113883.3.3823.101092,SBH RUTH ELLIS HEALTH CTR
2.16.840.1.113883.3.3823.101093,HFHN BAY CITY
2.16.840.1.113883.3.3823.101094,HFHN WATERFORD
2.16.840.1.113883.3.3823.101097,HFHN WEST BRANCH
2.16.840.1.113883.3.3823.101098,HFHN UNITED OUTSTANDING PHYSICIANS
2.16.840.1.113883.3.3823.101099,HFHN UNIVERSITY OF DETROIT MERCY
2.16.840.1.113883.3.3823.101100,HFHN FAIRLANE
2.16.840.1.113883.3.3823.101101,HFHN TAYLOR 24565
2.16.840.1.113883.3.3823.101107,HFHN DETORIT PISTONS
2.16.840.1.113883.3.3823.101109,HFHN BLOOMFIELD HILLS II
2.16.840.1.113883.3.3823.101114,HFHN N CANTON
2.16.840.1.113883.3.3823.101115,HFHN LAKE ORION
2.16.840.1.113883.3.3823.101116,HFHN VIRTUAL CARE
2.16.840.1.113883.3.3823.101119,HFHN WASHINGTON TOWNSHIP II
2.16.840.1.113883.3.3823.101120,HFHN RICHMOND
2.16.840.1.113883.3.3823.101121,HFHN DETROIT PISTONS PERFORMANCE CENTER
2.16.840.1.113883.3.3823.101122,HFHN BLOOMFIELD TWP
2.16.840.1.113883.3.3823.101129,HFHN DETROIT CANCER PAVILION
2.16.840.1.113883.3.3823.1011290051,CANPAV DENTISTRY
2.16.840.1.113883.3.3823.101134,HFHN MGM
2.16.840.1.113883.3.3823.101135,HFHN HURLEY II
2.16.840.1.113883.3.3823.101138,HFHN N WEST AVE
2.16.840.1.113883.3.3823.1011380001,HFAWT:NW KIDNEY:Transplant Surgery
2.16.840.1.113883.3.3823.1011380002,HFAWT:NW LUNG:Transplant Surgery
2.16.840.1.113883.3.3823.1011380003,HFAWT:NW LIVER:Transplant Surgery
2.16.840.1.113883.3.3823.101139,HFHN 2671 W GRAND BLVD
2.16.840.1.113883.3.3823.1011390001,W GRAND BLVD ORAL SURGERY & DENTISTRY
2.16.840.1.113883.3.3823.1011390002,W GRAND BLVD DENTISTRY
2.16.840.1.113883.3.3823.101140,HFHN 44720 HAYES RD
2.16.840.1.113883.3.3823.1011400001,HSC:HAY SCRN CLN:Family Medicine
2.16.840.1.113883.3.3823.101141,HFHN ROYAL OAK III
2.16.840.1.113883.3.3823.1011410001,RYL GASTRO:GASTROENTEROLOGY
2.16.840.1.113883.3.3823.1011410002,RYL ENDO:GASTROENTEROLOGY
2.16.840.1.113883.3.3823.1011410003,RYL WHS:Obstetrics and Gynecology
2.16.840.1.113883.3.3823.1011410004,RYL ORTH:Orthopedics
2.16.840.1.113883.3.3823.1011410005,RYL WLKIN:Internal Medicine
2.16.840.1.113883.3.3823.1011410006,RYL SPORTS:Sports Medicine
2.16.840.1.113883.3.3823.1011410007,RYL POD:Podiatry
2.16.840.1.113883.3.3823.1011410008,RYL PATH:Pathology
2.16.840.1.113883.3.3823.1011410009,RYL OPHTH:Ophthalmology
2.16.840.1.113883.3.3823.1011410010,RYL PT:Physical Therapy
2.16.840.1.113883.3.3823.1011410011,RYL OT:Occupational Therapy
2.16.840.1.113883.3.3823.1011410012,RYL CT:Radiology
2.16.840.1.113883.3.3823.1011410013,RYL RAD GEN:Radiology
2.16.840.1.113883.3.3823.1011410014,RYL MRI:Radiology
2.16.840.1.113883.3.3823.1011410015,RYL MAMMO:Radiology
2.16.840.1.113883.3.3823.1011410016,RYL ULTRA:Radiology
2.16.840.1.113883.3.3823.1011410017,RYL CIM:Integrative Medicine
2.16.840.1.113883.3.3823.1011410018,RYL FCT MED:Family Medicine
2.16.840.1.113883.3.3823.1011410019,RYL PCM:Pharmacy
2.16.840.1.113883.3.3823.1011410020,RYL PAIN:Pain Medicine
2.16.840.1.113883.3.3823.1011410021,RYL ANEST:Anesthesiology
2.16.840.1.113883.3.3823.1011410022,RYL OR:General Surgery
2.16.840.1.113883.3.3823.1011410023,RYL PERIOP:General Surgery
2.16.840.1.113883.3.3823.1011410024,RYL PREOP:General Surgery
2.16.840.1.113883.3.3823.1011410025,RYL RECOV:General Surgery
2.16.840.1.113883.3.3823.1011410026,RYL PAT: HFMC Royal Oak PAT
2.16.840.1.113883.3.3823.1011410027,RYL PEDS:Pediatrics
2.16.840.1.113883.3.3823.1011410028,RYL NEURO:Neurology
2.16.840.1.113883.3.3823.1011410029,RYL CARD NON:Cardiology
2.16.840.1.113883.3.3823.1011410030,RYL CARD MED:Cardiology
2.16.840.1.113883.3.3823.1011410031,RYL FAM:Family Medicine
2.16.840.1.113883.3.3823.1011410032,RYL OS:Dentistry
2.16.840.1.113883.3.3823.1011410033,RYL SLEEP:Sleep Medicine
2.16.840.1.113883.3.3823.1011410034,RYL UROLOGY:Urology
2.16.840.1.113883.3.3823.1011410035,RYL ALLERGY:Allergy 
2.16.840.1.113883.3.3823.1011410036,RYL OCC:Occupational Medicine
2.16.840.1.113883.3.3823.1011410037,ROY NEUR DX:Neurology
2.16.840.1.113883.3.3823.1011410039,RYL DIAB CC:Diabetes Services
2.16.840.1.113883.3.3823.101142,HFHN 39915 GRAND RIVER
2.16.840.1.113883.3.3823.1011420001,GRAND RIVER SCREENING CLINIC
2.16.840.1.113883.3.3823.101143,SBH LINCOLN PARK MIDDLE SCHOOL HLTH CTR
2.16.840.1.113883.3.3823.1011430001,SBH LINCOLN PARK MIDDLE SCHOOL HEALTH CTR
2.16.840.1.113883.3.3823.101145,HFHN HAP TROY
2.16.840.1.113883.3.3823.1011450001,HAP TROY IMMUNIZATION CLINIC
2.16.840.1.113883.3.3823.1011450002,HAP TROY HFPN STAFF IMMUNIZATION CLINIC
2.16.840.1.113883.3.3823.101146,HFHN HOMELAND SECURITY
2.16.840.1.113883.3.3823.1011460001,HSI:HOME SEC IMM:Family Medicine
2.16.840.1.113883.3.3823.101147,HFHN GREENFIELD HEALTH SERVICES
2.16.840.1.113883.3.3823.1011470001,GHS IMMUNIZATION CLINIC
2.16.840.1.113883.3.3823.101148,HFHN 900 E MICHIGAN AVE
2.16.840.1.113883.3.3823.1011480001,EAST HFMG LUNG TRANSPLANT CLINIC
2.16.840.1.113883.3.3823.101149,HFHN DETROIT COUNTRY DAY
2.16.840.1.113883.3.3823.1011490001,DETROIT COUNTRY DAY IMMUNIZATION CLINIC
2.16.840.1.113883.3.3823.101150,HFHN PACE SOUTHFIELD         
2.16.840.1.113883.3.3823.1011500001,PACE SOUTHFIELD IMMUNIZATION CLINIC
2.16.840.1.113883.3.3823.101151,HFHN PACE RIVERTOWN         
2.16.840.1.113883.3.3823.1011510001,PACE RIVERTOWN IMMUNIZATION CLINIC 
2.16.840.1.113883.3.3823.101152,HFHN PACE EASTPOINTE         
2.16.840.1.113883.3.3823.1011520001,PACE EASTPOINTE IMMUNIZATION CLINIC
2.16.840.1.113883.3.3823.101153,HFHN PACE STERLING HGTS   
2.16.840.1.113883.3.3823.1011530001,PACE STERLING HGTS IMMUNIZATION CLINIC
2.16.840.1.113883.3.3823.101154,HFHN MACOMB INTERMEDIATE SCHOOL DISTRICT
2.16.840.1.113883.3.3823.1011540001,MACOMB INTERMEDIATE SCHOOL DISTRICT IMMUNIZATION CLINIC
2.16.840.1.113883.3.3823.101155,HFHN OAK PARK COMMUNITY CENTER
2.16.840.1.113883.3.3823.1011550001,OAK PARK COMM CTR IMMUNIZATION CLINIC
2.16.840.1.113883.3.3823.101156,HFHN ISLAMIC CENTER OF AMERICA
2.16.840.1.113883.3.3823.1011560001,ISLAMIC CENTER OF AMERICA IMMUNIZATION CLINIC
2.16.840.1.113883.3.3823.101157,HFHN CHASS CENTER                   
2.16.840.1.113883.3.3823.1011570001,CHASS COVID INFUSION CTR               
2.16.840.1.113883.3.3823.101159,HFHN ROCHESTER HILLS DATA CENTER
2.16.840.1.113883.3.3823.1011590001,MOBILE EMP HLTH SVCS - ROCHESTER HILLS DATA CENTER
2.16.840.1.113883.3.3823.101160,HFHN BINGHAM FARMS
2.16.840.1.113883.3.3823.1011600001,MOBILE EMP HLTH SVCS - BINGHAM FARMS
2.16.840.1.113883.3.3823.101161,HFHN HAP FLINT
2.16.840.1.113883.3.3823.1011610001,MOBILE EMP HLTH SVCS - HAP FLINT
2.16.840.1.113883.3.3823.101162,SBH DCP AT NORTHWESTERN HEALTH CTR
2.16.840.1.113883.3.3823.1011620001,SBH DCP AT NORTHWESTERN HEALTH CTR
2.16.840.1.113883.3.3823.101163,HFHN MUSKEGON
2.16.840.1.113883.3.3823.101164,HFHN GRAYLING
2.16.840.1.113883.3.3823.1011640001,GRAYLING HFMG HEART TRANSPLANT CLINIC
2.16.840.1.113883.3.3823.1011640002,GRAYLING HFMG KIDNEY TRANSPLANT CLINIC
2.16.840.1.113883.3.3823.1011640003,GRAYLING HFMG LIVER TRANSPLANT CLINIC
2.16.840.1.113883.3.3823.1011640004,GRAYLING HFMG LUNG TRANSPLANT CLINIC
2.16.840.1.113883.3.3823.102001,HMG MAPLEGROVE
2.16.840.1.113883.3.3823.1020010016,MAPLEGROVE SCREENING CLINIC
2.16.840.1.113883.3.3823.104,Henry Ford West Bloomfield
2.16.840.1.113883.3.3823.104003,HFWB WEST BLOOMFIELD CLINIC
2.16.840.1.113883.3.3823.104007,HFWB WALLED LAKE
2.16.840.1.113883.3.3823.1040070001,WALLED LAKE FAMILY MEDICINE
2.16.840.1.113883.3.3823.104008,HFWB UNION LAKE
2.16.840.1.113883.3.3823.1040080001,UNION LAKE FAMILY MEDICINE
2.16.840.1.113883.3.3823.105,Henry Ford Wyandotte
2.16.840.1.113883.3.3823.1050012,HFWY WYANDOTTE CLINIC
2.16.840.1.113883.3.3823.105002,HFWY BROWNSTOWN
2.16.840.1.113883.3.3823.1050021,Henry Ford Wyandotte Brownstown Clinic
2.16.840.1.113883.3.3823.105003,HFWY OUTPATIENT REHAB
2.16.840.1.113883.3.3823.105004,HFWY ROCKWOOD
2.16.840.1.113883.3.3823.105005,HFWY NORTHLINE
2.16.840.1.113883.3.3823.105006,HFWY BARIATRIC SURGERY
2.16.840.1.113883.3.3823.105007,HFWY RIVERSIDE
2.16.840.1.113883.3.3823.105008,HFWY ORTHOPAEDICS
2.16.840.1.113883.3.3823.105009,HFWY SOUTHGATE
2.16.840.1.113883.3.3823.105010,HFWY ALLEN PARK
2.16.840.1.113883.3.3823.105011,HFWY TRENTON RD
2.16.840.1.113883.3.3823.105012,HFWY OB GYN
2.16.840.1.113883.3.3823.105013,HFWY NOVI
2.16.840.1.113883.3.3823.105014,HFWY NORTHLINE EAST
2.16.840.1.113883.3.3823.105015,HFWY TEMPLIN
2.16.840.1.113883.3.3823.106001,Henry Ford Macomb Hospital - Clinton Township
2.16.840.1.113883.3.3823.106002,Henry Ford Macomb Hospital-Mt. Clemens
2.16.840.1.113883.3.3823.106003,HFM BRUCE TOWNSHIP
2.16.840.1.113883.3.3823.1060031,HFM BRUCE TOWNSHIP Clinic
2.16.840.1.113883.3.3823.106004,HFM CHESTERFIELD
2.16.840.1.113883.3.3823.1060041,HFM CHESTERFIELD URGENT CARE Clinic
2.16.840.1.113883.3.3823.106005,HFM FRASER
2.16.840.1.113883.3.3823.1060051,HFM FRASER URGENT CARE Clinic
2.16.840.1.113883.3.3823.106006,HFM RICHMOND
2.16.840.1.113883.3.3823.106007,HFM SHELBY MALL
2.16.840.1.113883.3.3823.106008,HFM WASHINGTON TOWNSHIP
2.16.840.1.113883.3.3823.106009,HFM CHESTERFIELD OB GYN
2.16.840.1.113883.3.3823.106010,HFM GARFIELD OFFICE III
2.16.840.1.113883.3.3823.106011,HFM BEHAV MED OPD GARFIELD
2.16.840.1.113883.3.3823.106012,HFM COMMONS OPD
2.16.840.1.113883.3.3823.106013,HFM EASTRIDGE
2.16.840.1.113883.3.3823.106014,HFM HARPER METRO
2.16.840.1.113883.3.3823.106015,HFM SEVILLE
2.16.840.1.113883.3.3823.106016,HFM SEVILLE II
2.16.840.1.113883.3.3823.106017,HFM MEDICAL OFFICE PAVILION
2.16.840.1.113883.3.3823.106018,HFM REDDING
2.16.840.1.113883.3.3823.106019,HFM SHELBY SOUTH
2.16.840.1.113883.3.3823.106020,HFM SHELBY NORTH
2.16.840.1.113883.3.3823.106021,HFM HAYES
2.16.840.1.113883.3.3823.106022,HFM WARREN NORTHSITE
2.16.840.1.113883.3.3823.106023,HFM SLEEP CENTER
2.16.840.1.113883.3.3823.106024,HFM WARREN ORTHOPAEDIC SURGERY
2.16.840.1.113883.3.3823.106025,HFM PLASTIC SURGERY
2.16.840.1.113883.3.3823.106026,HFM WARREN EAST
2.16.840.1.113883.3.3823.106028,HFM MACOMB ROMEO
2.16.840.1.113883.3.3823.106029,HFM WARREN OPD REHAB
2.16.840.1.113883.3.3823.106030,HFM SOUTH
2.16.840.1.113883.3.3823.106031,HFM PARTRIDGE CREEK
2.16.840.1.113883.3.3823.106032,HFM HALL RD
2.16.840.1.113883.3.3823.106033,HFM STERLING HGTS
2.16.840.1.113883.3.3823.106034,HFM SAMARITAN HOUSE
2.16.840.1.113883.3.3823.106035,HFM ASSOCIATED INTERNISTS
2.16.840.1.113883.3.3823.106036,HFM PIERSON
2.16.840.1.113883.3.3823.106037,HFM CANCER CENTER
2.16.840.1.113883.3.3823.1060380001,HFM FRASER OP REHAB
2.16.840.1.113883.3.3823.106039,HFM SBH MT CLEMENS HEALTH CTR
2.16.840.1.113883.3.3823.106040,HFM CARDIOLOGY ASSOC OF MI
2.16.840.1.113883.3.3823.106041,HFM COMMONS III
2.16.840.1.113883.3.3823.106042,HFM RICHMOND
2.16.840.1.113883.3.3823.106043,PREMIER SURGICAL CENTER OF MICHIGAN
2.16.840.1.113883.3.3823.106045,HFM SEVILLE IV
2.16.840.1.113883.3.3823.106046,HFHN 43191 DALCOMA 
2.16.840.1.113883.3.3823.1060460001,DALCOMA VASCULAR SURGERY
2.16.840.1.113883.3.3823.1060460002,DALCOMA VASCULAR LAB
2.16.840.1.113883.3.3823.106047,ATRIUM HEMATOLOGY ONCOLOGY
2.16.840.1.113883.3.3823.1060470001,ATRIUM HEMATOLOGY ONCOLOGY
2.16.840.1.113883.3.3823.107001,HFHS SELECT SPECIALTY
2.16.840.1.113883.3.3823.1080010001,HFHS SELECT SPECIALTY II MACOMB
2.16.840.1.113883.3.3823.1090020001,HFHS ATLAS CLINTON TWP
2.16.840.1.113883.3.3823.109004,HFHS ATLAS HFML
2.16.840.1.113883.3.3823.109013,HFHS ATLAS DEARBORN
2.16.840.1.113883.3.3823.109014,HFHS ATLAS WOMEN'S HEALTH & MENOPAUSE
2.16.840.1.113883.3.3823.1090140001,HFHS ATLAS WOMEN'S HEALTH & MENOPAUSE
2.16.840.1.113883.3.3823.109015,HFHS ATLAS CHESTERFIELD
2.16.840.1.113883.3.3823.1090150001,ATLAS CHESTERFIELD PATHOLOGY PSC
2.16.840.1.113883.3.3823.109016,HFHS ATLAS FRASER
2.16.840.1.113883.3.3823.1090160001,ATLAS FRASER PATHOLOGY PSC
2.16.840.1.113883.3.3823.111001,HWB NOVI
2.16.840.1.113883.3.3823.111002,HWB WALLED LAKE
2.16.840.1.113883.3.3823.111003,HWB UNION LAKE
2.16.840.1.113883.3.3823.112002,HFA 1400 E MICHIGAN AVE
2.16.840.1.113883.3.3823.112003,HFA 3235 E MICHIGAN AVE
2.16.840.1.113883.3.3823.112004,HFA N JACKSON ST
2.16.840.1.113883.3.3823.112005,HFA 700 E MICHIGAN AVE
2.16.840.1.113883.3.3823.112006,HFA 704 E MICHIGAN AVE
2.16.840.1.113883.3.3823.112007,HFA 744 W MICHIGAN AVE
2.16.840.1.113883.3.3823.112008,HFA 813 W MICHIGAN AVE
2.16.840.1.113883.3.3823.112009,HFA ALBION
2.16.840.1.113883.3.3823.112010,HFA ANN ARBOR RD
2.16.840.1.113883.3.3823.112011,HFA BROOKLYN
2.16.840.1.113883.3.3823.112012,HFA CARLETON
2.16.840.1.113883.3.3823.112013,HFA CASCADE RIDGE
2.16.840.1.113883.3.3823.112014,HFA 900 E MICHIGAN AVE
2.16.840.1.113883.3.3823.112015,HFA FRANKLIN
2.16.840.1.113883.3.3823.112016,HENRY FORD ALLEGIANCE GRASS LAKE
2.16.840.1.113883.3.3823.112017,HFA GREENWOOD
2.16.840.1.113883.3.3823.112018,HFA ALLEGIANCE HILLSDALE
2.16.840.1.113883.3.3823.112019,HFA JACKSON PROF BLDG
2.16.840.1.113883.3.3823.112020,HFA JACKSON SPECIALTY CENTER
2.16.840.1.113883.3.3823.112021,HFA JACKSON SURGERY CENTER
2.16.840.1.113883.3.3823.112022,HENRY FORD ALLEGIANCE LESLIE
2.16.840.1.113883.3.3823.112023,HFA MARSHALL
2.16.840.1.113883.3.3823.112024,HFA MASON
2.16.840.1.113883.3.3823.112025,HFA MICHIGAN CENTER
2.16.840.1.113883.3.3823.112026,HENRY FORD ALLEGIANCE NORTH STREET
2.16.840.1.113883.3.3823.112027,HFA ONE JACKSON SQ
2.16.840.1.113883.3.3823.112028,HFA ONSTED
2.16.840.1.113883.3.3823.112029,HFA PAGE
2.16.840.1.113883.3.3823.112030,HFA ROSE CITY
2.16.840.1.113883.3.3823.112031,HFA S EAST AVE
2.16.840.1.113883.3.3823.112032,HFA SPRING ARBOR
2.16.840.1.113883.3.3823.112033,HFA 3305 SPRING ARBOR RD
2.16.840.1.113883.3.3823.112034,HFA SPRINGPORT RD
2.16.840.1.113883.3.3823.112035,HFA STOCKBRIDGE
2.16.840.1.113883.3.3823.112036,HFA SUMMIT WOODS
2.16.840.1.113883.3.3823.112037,HFA TEJADA
2.16.840.1.113883.3.3823.112038,HFA TENEYCK
2.16.840.1.113883.3.3823.112039,HFA VANDERCOOK
2.16.840.1.113883.3.3823.112040,HFA WASHINGTON
2.16.840.1.113883.3.3823.112043,HFA ALBION COLLEGE
2.16.840.1.113883.3.3823.112044,HFA 2800 SPRING ARBOR RD
2.16.840.1.113883.3.3823.112045,HFA ALLEGAINCE PALLIATIVE MEDICINE
2.16.840.1.113883.3.3823.112046,HFA JACKSON PALLIATIVE PROF BLDG
2.16.840.1.113883.3.3823.112047,HFA SPEC HOSP ACUTE - SURGE
2.16.840.1.113883.3.3823.112048,HFA 110 N ELM ST
2.16.840.1.113883.3.3823.1120480001,SPECIALTY HOSPITAL SCREENING CLINIC
2.16.840.1.113883.3.3823.112050,HFA MARTIN LUTHER KING CENTER
2.16.840.1.113883.3.3823.1120500001,MARTIN LUTHER KING CENTER IMMUNIZATION CLINIC
2.16.840.1.113883.3.3823.112051,HFA JACKSON COUNTY FAIRGROUNDS
2.16.840.1.113883.3.3823.1120510001,JACKSON COUNTY FAIRGROUNDS IMMUNIZATION CLINIC
2.16.840.1.113883.3.3823.112052,HFA HILLSDALE
2.16.840.1.113883.3.3823.1120520001,HILLSDALE PATHOLOGY
2.16.840.1.113883.3.3823.112053,HFA COLDWATER
2.16.840.1.113883.3.3823.1120530001,COLDWATER PATHOLOGY
2.16.840.1.113883.3.3823.113001,HFA JACKSON HOSPICE
2.16.840.1.113883.3.3823.113002,HFA KINGSBROOKE
2.16.840.1.113883.3.3823.114001,HFA SPECIALTY HOSPITAL
2.16.840.1.113883.3.3823.115001,HFA JACKSON HEALTH NETWORK
2.16.840.1.113883.3.3823.200001,HFHS Community Connect Ghassan Atto Practice
2.16.840.1.113883.3.3823.201001,HFHS Community Connect Downriver Medical Associates Practice - Fort St.
2.16.840.1.113883.3.3823.201001002,HFHS Community Connect Downriver Medical Associates Practice- Biddle St.
2.16.840.1.113883.3.3823.202001,HFHS Community Connect Eastpointe Internists Practice
2.16.840.1.113883.3.3823.203001,HFHS Community Connect Dean Clinic Practice - Sterling Heights
2.16.840.1.113883.3.3823.203002,HFHS Community Connect Dean Clinic Practice - Detroit
2.16.840.1.113883.3.3823.204001,HFHS Community Connect R.R. Yalamanchi Practice
2.16.840.1.113883.3.3823.207001,"HFHS Community Connect MohammadReza Kahnamouei, MD,PC Practice"
2.16.840.1.113883.3.3823.207001004,HFCC Total Care Physicians Group Urgent Care
2.16.840.1.113883.3.3823.208001,HFHS Community Connect MOHAMMAD GHAFFARLOO MD PC
2.16.840.1.113883.3.3823.209001,HFHS Community Connect Neurology Michigan PC Practice
2.16.840.1.113883.3.3823.210001,"HFHS Community Connect Arun Singal, MD PC Practice"
2.16.840.1.113883.3.3823.211001,HFHS Community Connect Thwainey Family Medicine Practice
2.16.840.1.113883.3.3823.212001,HFHS Community Connect Advanced Cardiothoracic Surgeons Practice
2.16.840.1.113883.3.3823.213001,HFHS Community Connect Cardiovascular Institute of Michigan Practice - Roseville
2.16.840.1.113883.3.3823.213002,HFHS Community Connect Cardiovascular Institute of Michigan Practice - Clinton Twp.
2.16.840.1.113883.3.3823.213003,HFHS Community Connect Cardiovascular Institute of Michigan Waterford Practice
2.16.840.1.113883.3.3823.214001,"HFHS Community Connect Vijaya Challa, MD Practice"
2.16.840.1.113883.3.3823.215001,HFHS Community Connect Margaret J. Hepke Practice
2.16.840.1.113883.3.3823.216001,HFHS Community Connect EL-KHALIL FOOT & ANKLE SPECIALIST
2.16.840.1.113883.3.3823.2160010001,HFHS Community Connect El-Khalil Foot and Ankle Specialist Practice - Dearborn
2.16.840.1.113883.3.3823.2160010002,HFHS Community Connect El-Khalil Foot and Ankle Specialist Practice - Southgate
2.16.840.1.113883.3.3823.218100,"HFHS Community Connect NASIR HUSAIN, MD"
2.16.840.1.113883.3.3823.219001,HFHS Community Connect Brian G Loder Practice
2.16.840.1.113883.3.3823.220001,HFHS Community Connect Anthony Udo-Inyang Practice
2.16.840.1.113883.3.3823.221001,HFHS Community Connect Downriver Endocrinology Practice
2.16.840.1.113883.3.3823.222001,HFHS Community Connect Nephrology & Intensive Care Associates Practice
2.16.840.1.113883.3.3823.223001,S S HANS MD PC
2.16.840.1.113883.3.3823.2230010001,"HFHS Community Connect S.S. Hans, MD Practice - Warren"
2.16.840.1.113883.3.3823.2230010002,HFHS Community Connect S.S. Hans Practice - Clinton Twp.
2.16.840.1.113883.3.3823.224001,HFHS Community Connect N Gupta Practice
2.16.840.1.113883.3.3823.225001,HFHS Community Connect Diab & Kinner Internal Medicine Practice
2.16.840.1.113883.3.3823.226001,HFHS Community Connect Andrew M. Agosta Practice
2.16.840.1.113883.3.3823.228001,HFHS Community Connect Amini Healthcare Practice
2.16.840.1.113883.3.3823.229001,HFHS Community Connect Balbir Gandhi Practice
2.16.840.1.113883.3.3823.230001,HFHS Community Connect Ravinder Gandhi Practice
2.16.840.1.113883.3.3823.231001,HFHS Community Connect Metro Family Practice
2.16.840.1.113883.3.3823.2310011,HFHS Community Connect Metro Urgent Care & Family Practice
2.16.840.1.113883.3.3823.232001,VASCULAR & ENDOVASCULAR INSTITUTE OF MI
2.16.840.1.113883.3.3823.2320010001,HFHS Community Connect Vascular and Endovascular Institute of MI Practice - Clinton Twp
2.16.840.1.113883.3.3823.233001,SOUTHGATE MEDICAL CENTER PLLC
2.16.840.1.113883.3.3823.2330010001,"HFHS Community Connect Southgate Medical Center, PLLC"
2.16.840.1.113883.3.3823.234001,ORTHOPEDIC ASSOCIATES PC
2.16.840.1.113883.3.3823.2340010001,HFHS Community Connect Orthopaedic Associates PC
2.16.840.1.113883.3.3823.235001,MICHIGAN SURGICAL ASSOCIATES PLLC
2.16.840.1.113883.3.3823.236001,HFHS Community Connect Alliance Helath Professionals PLLC
2.16.840.1.113883.3.3823.236002,ALLIANCE HEALTH TECHNICAL
2.16.840.1.113883.3.3823.237001,HFHS Community Connect Prime Medical Healthcare
2.16.840.1.113883.3.3823.238001,HFHS Community Connect Hill Orthopedics
2.16.840.1.113883.3.3823.239001,HFHS Community Connect RIVERSIDE SURGICAL ASSOCIATES PC
2.16.840.1.113883.3.3823.240001,HFHS Community Connect Downriver Heart and Vascular Specialists PC
2.16.840.1.113883.3.3823.241001,NEPHRON ASSOCIATES PC
2.16.840.1.113883.3.3823.242001,SURGICAL ASSOCIATES OF MACOMB PLC
2.16.840.1.113883.3.3823.243001,METRO SHORES INTERNAL MEDICINE PLLC
2.16.840.1.113883.3.3823.244001,SOUTHGATE MEDICAL GROUP
2.16.840.1.113883.3.3823.245001,PENSLER VEIN AND VASCULAR SURGICAL INSTITUTE
2.16.840.1.113883.3.3823.246001,TOP CARDIOLOGY ASSOCIATES OF MICHIGAN PLLC
2.16.840.1.113883.3.3823.247001,PREMIER NEUROLOGY & PAIN SPECIALISTS
2.16.840.1.113883.3.3823.248001,BHAVANA VYAS MD PLLC
2.16.840.1.113883.3.3823.249001,PRIME RHEUMATOLOGY CENTER PLLC
2.16.840.1.113883.3.3823.250001,RUTH ELLIS HEALTH AND WELLNESS CENTER
2.16.840.1.113883.3.3823.251001,SHIVANA N PRAKASH MD PC
2.16.840.1.113883.3.3823.253001,MALA BATHIJA MD PLLC
2.16.840.1.113883.3.3823.254001,DOWNRIVER SURGICAL ASSOCIATES
2.16.840.1.113883.3.3823.255001,AMMAR KANAAN MD
2.16.840.1.113883.3.3823.257001,PARMOD JINDAL MD PC
2.16.840.1.113883.3.3823.258001,AHMAD R ZEIBO MD PLLC
2.16.840.1.113883.3.3823.259001,ALLEN PARK URGENT VISIT PLLC
2.16.840.1.113883.3.3823.400000322,HFMC BECK RD
2.16.840.1.113883.3.3823.401001,HFHN EXTENDED CARE
2.16.840.1.113883.3.3823.401002,HFHN NORTH HOME HEALTH CARE
2.16.840.1.113883.3.3823.401003,HFHN NORTH HOME HEALTH CARE SITT
2.16.840.1.113883.3.3823.401004,HFHN OFP HOME HELATH CARE THERAPY
2.16.840.1.113883.3.3823.401005,HFHN EAST HOME HEALTH CARE
2.16.840.1.113883.3.3823.401006,HFHN DOWNRIVER HOME HEALTH CARE
2.16.840.1.113883.3.3823.401007,HFHN MACOMB HOSPICE
2.16.840.1.113883.3.3823.401008,HFHN OAKLAND HOSPICE
2.16.840.1.113883.3.3823.401009,HFHN DETROIT HOSPICE
2.16.840.1.113883.3.3823.401010,HFHN WAYNE HOSPICE
2.16.840.1.113883.3.3823.401012,HFHN DOWNRIVER HOME HEALTH PALLIATIVE
2.16.840.1.113883.3.3823.401013,HFHN EAST HOME HEALTH PALLIATIVE
2.16.840.1.113883.3.3823.401014,HFHN NORTH HOME HEALTH PALLIATIVE
2.16.840.1.113883.3.3823.401015,HFHN NORTH HOME HEALTH PALLIATIVE SITT
2.16.840.1.113883.3.3823.401016,HFHN OFP HOME HEALTH PALLIATIVE
2.16.840.1.113883.3.3823.401017,HFHN MACOMB HOSPICE PALLIATIVE
2.16.840.1.113883.3.3823.401018,HFHN OAKLAND HOSPICE PALLIATIVE
2.16.840.1.113883.3.3823.401020,HFHN WAYNE HOSPICE PALLIATIVE
2.16.840.1.113883.3.3823.401021,HFHN SAFE LANDING
2.16.840.1.113883.3.3823.401022,HFHN PHYSICIAN HOSPICE
2.16.840.1.113883.3.3823.401023,HFHN TELEHEALTH
2.16.840.1.113883.3.3823.401024,HFHN OFP IN-HOME OPD THERAPIES
2.16.840.1.113883.3.3823.4010240001,HHS:OFP IH PT:Home Health Services
2.16.840.1.113883.3.3823.4010240002,HHS:OFP IH OT:Home Health Services
2.16.840.1.113883.3.3823.4010240003,HHS:OFP IH SLP:Home Health Services
2.16.840.1.113883.3.3823.402001,HFAH HOME HEALTH CARE
2.16.840.1.113883.3.3823.402002,HFAH HOSPICE
2.16.840.1.113883.3.3823.402005,HFAH PHYSICIAN HOSPICE
2.16.840.1.113883.3.3823.402006,HFAF TELEHEALTH
2.16.840.1.113883.3.3823.402007,HFAF HOSPICE PALLIATIVE
2.16.840.1.113883.3.3823.60,HFHS GOHEALTH URGENT CARE CENTERS
2.16.840.1.113883.3.3823.601000,PARENT HFHS GOHEALTH
2.16.840.1.113883.3.3823.601001,HF GOHEALTH CHESTERFIELD
2.16.840.1.113883.3.3823.6010010001,HF GO HEALTH CFLD UC
2.16.840.1.113883.3.3823.601002,HF GOHEALTH FRASER
2.16.840.1.113883.3.3823.6010020001,HF GO HEALTH FRSR UC
2.16.840.1.113883.3.3823.601003,HF GOHEALTH BRUCE
2.16.840.1.113883.3.3823.6010030001,HF GO HEALTH BRC UC
2.16.840.1.113883.3.3823.601004,HF GOHEALTH BUSINESS OFFICE
2.16.840.1.113883.3.3823.6010040001,HF GO HEALTH SBO BUSINESS OFFICE
2.16.840.1.113883.3.3823.700001,HFCC CENTER FOR FAMILY HEALTH
2.16.840.1.113883.3.3823.703001,HFCC DANIEL P FREEMAN MD PC
2.16.840.1.113883.3.3823.714001,HFCC BRAD KREMER PLLC
2.16.840.1.113883.3.3823.717001,JACKSON COUNTY HEALTH DEPARTMENT
2.16.840.1.113883.3.3823.7170010001,HFCC JACKSON COUNTY HEALTH DEPARTMENT
2.16.840.1.113883.3.3823.718001,MICHIGAN CONTINUUM CARE PLLC
2.16.840.1.113883.3.3823.720001,HFCC PAUL KENYON MD PC
2.16.840.1.113883.3.3823.726001,HFCC JACKSON COLLEGE HEALTH CLINIC
2.16.840.1.113883.3.3823.727001,HFCC CONCORD SCHOOL-LINKED HEALTH CENTER
2.16.840.1.113883.3.3823.728001,HFCC PULMONARY CLINICS OF SOUTHERN MICHIGAN
2.16.840.1.113883.3.3823.729001,HFCC CARDIOLOGY GROUP OF LANSING
2.16.840.1.113883.3.3823.731001,"MID-MICHIGAN GASTROENTEROLOGY CONSULTANTS, PC"
2.16.840.1.113883.3.3823.7310010001,"HFCC MID-MICHIGAN GASTROENTEROLOGY CONSULTANTS, PC"
2.16.840.1.113883.3.3823.732001,"IMDAD H BUTT MD, PC"
2.16.840.1.113883.3.3823.7320010001,"HFCC IMDAD H BUTT MD, PC"
2.16.840.1.113883.3.3823.733001,HILLSDALE PULMONARY CRITICAL CARE AND SLEEP MEDICINE PC
2.16.840.1.113883.3.3823.7330010001,HFCC KARIM HEALTHCARE BRONSON
2.16.840.1.113883.3.3823.7330010002,HFCC KARIM HEALTHCARE CEMENT CITY
2.16.840.1.113883.3.3823.7330010003,HFCC KARIM HEALTHCARE COLDWATER
2.16.840.1.113883.3.3823.7330010004,HFCC KARIM HEALTHCARE HILLSDALE
2.16.840.1.113883.3.3823.7330010005,HFCC KARIM HEALTHCARE JONESVILLE
2.16.840.1.113883.3.3823.7330010006,HFCC KARIM HEALTHCARE LITCHFIELD
2.16.840.1.113883.3.3823.7330010007,HFCC KARIM HEALTHCARE READING
2.16.840.1.113883.3.3823.7330010008,HFCC KARIM HEALTHCARE STURGIS
2.16.840.1.113883.3.3823.7330010009,HFCC KARIM HEALTHCARE PITTSFORD
2.16.840.1.113883.3.3823.7330010010,HFCC KARIM HEALTHCARE QUINCY
2.16.840.1.113883.3.3823.734001,MICHIGAN SLEEP INSTITUTE PLLC 
2.16.840.1.113883.3.3823.7340010001,HFCC MICHIGAN SLEEP INSTITUTE HILLSDALE
2.16.840.1.113883.3.3823.7340010002,HFCC MICHIGAN SLEEP INSTITUTE COLDWATER
2.16.840.1.113883.3.3823.736001,SUMMIT PODIATRY GROUP PC
2.16.840.1.113883.3.3823.7360010001,HFCC SUMMIT PODIATRY GROUP PC
2.16.840.1.113883.3.3823.738001,EVELYN ECCLES MD
2.16.840.1.113883.3.3823.7380010001,HFCC EVELYN ECCLES
2.16.840.1.113883.3.3823.739001,"GRASS LAKE SURGERY CENTER, LLC"
2.16.840.1.113883.3.3823.7390010001,"HFCC GRASS LAKE SURGERY CENTER, LLC"
2.16.840.1.113883.3.3823.7390010003,HFCC GRASS LAKE SURGERY CENTER ANESTHESIA
2.16.840.1.113883.3.3823.740001,"JACKSON FAMILY MEDICAL, PLLC"
2.16.840.1.113883.3.3823.7400010001,HFCC JACKSON FAMILY MEDICAL
2.16.840.1.113883.3.3823.743001,"DONALD C. JONES, MD PC"
2.16.840.1.113883.3.3823.7430010001,"HFCC DONALD C. JONES, MD PC"
2.16.840.1.113883.3.3823.745001,"JONESVILLE HEALTH CARE, PLLC"
2.16.840.1.113883.3.3823.7450010001,"HFCC JONESVILLE HEALTH CARE, PLLC"
2.16.840.1.113883.3.3823.7450010002,HFCC JONESVILLE HEALTH CARE PLUS WALK IN
2.16.840.1.113883.3.3823.746001,"MOLLY PARKER, DO, PC"
2.16.840.1.113883.3.3823.7460010001,"HFCC MOLLY PARKER, DO, PC"
2.16.840.1.113883.3.3991.1,Sparrow Hospital
2.16.840.1.113883.3.3991.2,St. Lawrence Hospital
2.16.840.1.113883.3.3991.3,Clinton
2.16.840.1.113883.3.3991.4,Ionia
2.16.840.1.113883.3.3991.5,Sparrow Specialty Hospital
2.16.840.1.113883.3.3991.6,Carson City Hospital
2.16.840.1.113883.3.3991.8,Sparrow Eaton Hospital
2.16.840.1.113883.3.4042,UP Health System - Bell
2.16.840.1.113883.3.4220,UMHS PARENT HOSPITAL
2.16.840.1.113883.3.4220.4.10001,UNIVERSITY HOSPITAL
2.16.840.1.113883.3.4220.4.10002,TAUBMAN CENTER
2.16.840.1.113883.3.4220.4.10003,VONVOIGTLANDER WOMEN'S HOSPITAL
2.16.840.1.113883.3.4220.4.10004,MEDICAL PROFESSIONAL BUILDING
2.16.840.1.113883.3.4220.4.10005,MOTT CHILDREN'S HOSPITAL
2.16.840.1.113883.3.4220.4.10006,MED INN BUILDING
2.16.840.1.113883.3.4220.4.10007,CARDIOVASCULAR CENTER
2.16.840.1.113883.3.4220.4.10008,CANCER CENTER
2.16.840.1.113883.3.4220.4.10009,UNIVERSITY HOSPITAL SOUTH
2.16.840.1.113883.3.4220.4.10101,BRIARWOOD 01
2.16.840.1.113883.3.4220.4.10102,BRIARWOOD 02
2.16.840.1.113883.3.4220.4.10103,BRIARWOOD 03
2.16.840.1.113883.3.4220.4.10104,BRIARWOOD 04
2.16.840.1.113883.3.4220.4.10105,BRIARWOOD 05
2.16.840.1.113883.3.4220.4.10109,BRIARWOOD 09
2.16.840.1.113883.3.4220.4.10110,BRIARWOOD 10
2.16.840.1.113883.3.4220.4.10201,YPSILANTI HEALTH CENTER
2.16.840.1.113883.3.4220.4.10202,KMS
2.16.840.1.113883.3.4220.4.10203,EAST ANN ARBOR SURGERY & MPC
2.16.840.1.113883.3.4220.4.10204,BRIGHTON HEALTH CENTER
2.16.840.1.113883.3.4220.4.10205,BURLINGTON
2.16.840.1.113883.3.4220.4.10206,CANTON HEALTH CENTER
2.16.840.1.113883.3.4220.4.10207,LIVONIA CTR FOR SPECIALTY CARE
2.16.840.1.113883.3.4220.4.10208,CHELSEA HEALTH CENTER
2.16.840.1.113883.3.4220.4.10209,DEXTER HEALTH CENTER
2.16.840.1.113883.3.4220.4.10210,DOMINO'S FARMS
2.16.840.1.113883.3.4220.4.10211,E ANN ARBOR HEALTH & GERIATRIC
2.16.840.1.113883.3.4220.4.10212,HOWELL PEDIATRICS
2.16.840.1.113883.3.4220.4.10213,KELLOGG  EYE CENTER - MILFORD
2.16.840.1.113883.3.4220.4.10214,KELLOGG EYE CENTER - BRIGHTON
2.16.840.1.113883.3.4220.4.10215,LIVONIA HEALTH CENTER
2.16.840.1.113883.3.4220.4.10216,MED SCIENCE RESEARCH BLDG II
2.16.840.1.113883.3.4220.4.10217,NORTH CAMPUS ADMIN COMMON-NCAC
2.16.840.1.113883.3.4220.4.10218,RACHEL UPJOHN BUILDING
2.16.840.1.113883.3.4220.4.10219,SALINE HEALTH CENTER
2.16.840.1.113883.3.4220.4.10220,KELLOGG EYE CENTER - ANN ARBOR
2.16.840.1.113883.3.4220.4.10221,WEST ANN ARBOR HEALTH CTR
2.16.840.1.113883.3.4220.4.10222,NORTH CAMPUS RESEARCH COMPLEX
2.16.840.1.113883.3.4220.4.10223,KMS SOUTH
2.16.840.1.113883.3.4220.4.10224,NORTH CAMPUS FAMILY HEALTH SERVICE
2.16.840.1.113883.3.4220.4.10225,TRAVERWOOD BUSINESS PARK
2.16.840.1.113883.3.4220.4.10226,KELLOGG  EYE CENTER - YPSILANTI
2.16.840.1.113883.3.4220.4.10227,TRAVERWOOD BUSINESS PARK 1
2.16.840.1.113883.3.4220.4.10228,NORTHVILLE HEALTH CENTER
2.16.840.1.113883.3.4220.4.10229,TROY MEDICAL PLAZA
2.16.840.1.113883.3.4220.4.10230,NORTHEAST CORPORATE CENTER
2.16.840.1.113883.3.4220.4.10231,KELLOGG  EYE CENTER - GRAND BLANC
2.16.840.1.113883.3.4220.4.10234,WEST ANN ARBOR HEALTH CENTER - PARKLAND PLAZA
2.16.840.1.113883.3.4220.4.10901,OUTREACH-GAYLORD (NW MI COMM)
2.16.840.1.113883.3.4220.4.10902,OUTREACH-KALAMAZOO (NEPH)
2.16.840.1.113883.3.4220.4.10903,OUTREACH-TC (MUNSON SPECIALTY)
2.16.840.1.113883.3.4220.4.10904,OUTREACH-MARQUETTE (GEN HLTH)
2.16.840.1.113883.3.4220.4.10905,OUTREACH-TC (MUNSON MEDICAL)
2.16.840.1.113883.3.4220.4.10906,WASHTENAW COUNTY HUMAN SVC
2.16.840.1.113883.3.4220.4.10907,YMCA ANN ARBOR
2.16.840.1.113883.3.4220.4.10908,YPSILANTI MIDDLE SCHOOL
2.16.840.1.113883.3.4220.4.10909,YPSILANTI COMMUNITY MIDDLE SCHOOL
2.16.840.1.113883.3.4220.4.10910,KELLOGG EYE CTR-W BLOOMFIELD
2.16.840.1.113883.3.4220.4.10911,HURON VALLEY PROFESSIONAL CTR
2.16.840.1.113883.3.4220.4.10913,SCARLETT MIDDLE SCHOOL
2.16.840.1.113883.3.4220.4.10914,EISENHOWER CORPORATE PARK 1
2.16.840.1.113883.3.4220.4.10915,EISENHOWER CORPORATE PARK 2
2.16.840.1.113883.3.4220.4.10916,ANN ARBOR TECH HIGH SCHOOL
2.16.840.1.113883.3.4220.4.10917,REICHERT BUILDING
2.16.840.1.113883.3.4220.4.10918,PLYMOUTH PARK OFFICE CENTER
2.16.840.1.113883.3.4220.4.10919,NEW HOPE CLINIC
2.16.840.1.113883.3.4220.4.10920,ANN ARBOR ICE CUBE
2.16.840.1.113883.3.4220.4.10923,CHELSEA PROFESSIONAL BUILDING
2.16.840.1.113883.3.4220.4.10925,MERCY HOSPITAL
2.16.840.1.113883.3.4220.4.10926,MICHIGAN MEDICINE AT AH RAD ONC
2.16.840.1.113883.3.4220.4.10927,MICHIGAN MEDICINE AT USJM
2.16.840.1.113883.3.4220.4.10929,MICHIGAN MEDICINE AT SMH PEDIATRIC
2.16.840.1.113883.3.4220.4.10930,TOLEDO MEDICAL CENTER NE OHIO
2.16.840.1.113883.3.4220.4.10931,SPARROW PROFESSIONAL BUILDING
2.16.840.1.113883.3.4220.4.10932,MICHIGAN MEDICINE AT CCH
2.16.840.1.113883.3.4220.4.10933,WHITEHALL NURSING HOME
2.16.840.1.113883.3.4220.4.10934,AMERICAN HOUSE SENIOR LIVING
2.16.840.1.113883.3.4220.4.10935,CHELSEA RETIREMENT CENTER
2.16.840.1.113883.3.4220.4.10936,MICHIGAN MEDICINE AT GHS LIVING NURSING
2.16.840.1.113883.3.4220.4.10937,MICHIGAN MEDICINE AT HHA SKILLED
2.16.840.1.113883.3.4220.4.10938,HEARTLAND HEALTH CARE CANTON
2.16.840.1.113883.3.4220.4.10939,SUPERIOR WOODS NURSING CENTER
2.16.840.1.113883.3.4220.4.10940,YPSILANTI HIGH SCHOOL
2.16.840.1.113883.3.4220.4.10941,CARPENTER PLACE SENIOR LIVING
2.16.840.1.113883.3.4220.4.10942,MICHIGAN HEART - SJMH SYSTEM
2.16.840.1.113883.3.4220.4.10943,MICHIGAN MEDICINE AT SMR SENIOR LIVING
2.16.840.1.113883.3.4220.4.10944,REGENCY AT BLUFFS PARK
2.16.840.1.113883.3.4220.4.10945,LINCOLN HIGH SCHOOL
2.16.840.1.113883.3.4220.4.10946,RENAL ASSOCIATES OF MIDMICHIGAN
2.16.840.1.113883.3.4220.4.10947,OUTREACH-INDIANA COMM HEALTH
2.16.840.1.113883.3.4220.4.10948,MID MICHIGAN KIDNEY SPECIALISTS
2.16.840.1.113883.3.4220.4.10949,LINCOLN MIDDLE SCHOOL
2.16.840.1.113883.3.4220.4.10950,WOMEN'S HEALTH CENTER
2.16.840.1.113883.3.4220.4.10951,PEDIATRIC REHABILITATION CENTER
2.16.840.1.113883.3.4220.4.10952,ARBOR PARK IHA MFM
2.16.840.1.113883.3.4220.4.10953,BURNS PROFESSIONAL BUILDING
2.16.840.1.113883.3.4220.4.10954,WELLPOINTE MEDICAL CENTER
2.16.840.1.113883.3.4220.4.10955,WEST MICHIGAN NEPHROLOGY
2.16.840.1.113883.3.4220.4.10956,SPECIAL TREE REHABILITATION SYSTEM
2.16.840.1.113883.3.4220.4.10957,SURGERY CENTER AT HEALTH PARK
2.16.840.1.113883.3.4220.4.10967,CARMAN-AINSWORTH HIGH SCHOOL
2.16.840.1.113883.3.4220.4.10968,CLARK PROFESSIONAL OFFICE
2.16.840.1.113883.3.4220.4.10972,MICHIGAN MEDICINE AT UWSU
2.16.840.1.113883.3.4220.4.50501,UNIVERSITY HEALTH SERVICE
2.16.840.1.113883.3.4336,Baraga County Memorial Hospital
2.16.840.1.113883.3.4371,Scheurer Health
2.16.840.1.113883.3.4376.100,McLaren Flint
2.16.840.1.113883.3.4376.1000.300,McLaren Medical Management Group (MMG)
2.16.840.1.113883.3.4376.1100,McLaren Port Huron
2.16.840.1.113883.3.4376.1300,McLaren Caro Region
2.16.840.1.113883.3.4376.200,McLaren Lapeer
2.16.840.1.113883.3.4376.300,McLaren Greater Lansing
2.16.840.1.113883.3.4376.400,McLaren Bay Region
2.16.840.1.113883.3.4376.500,McLaren Oakland
2.16.840.1.113883.3.4376.600,McLaren Macomb
2.16.840.1.113883.3.4376.700,McLaren Central Michigan
2.16.840.1.113883.3.4376.800,McLaren Northern Michigan
2.16.840.1.113883.3.4376.900,Karmanos
2.16.840.1.113883.3.4376.900.300,McLaren Karmanos Cancer Center (KCC)
2.16.840.1.113883.3.44.21.100,St Mary's of Michigan Saginaw
2.16.840.1.113883.3.44.21.100.1,St Mary's of Michigan Towne Centre ED
2.16.840.1.113883.3.44.21.200,St Mary's of Michigan Standish
2.16.840.1.113883.3.44.21.300,St Joseph's of Tawas
2.16.840.1.113883.3.4472,HCMC
2.16.840.1.113883.3.4655,Sheridan Community Hospital
2.16.840.1.113883.3.4656,Dickinson County Memorial Hospital (parent OID)
2.16.840.1.113883.3.4656.1,Dickinson County Memorial Hospital
2.16.840.1.113883.3.4771.1,Bronson Methodist Hospital
2.16.840.1.113883.3.4771.122,Bronson Urgent Care
2.16.840.1.113883.3.4771.158,BCOM Bronson Commons
2.16.840.1.113883.3.4771.2,Bronson Lakeview Hospital
2.16.840.1.113883.3.4771.3,Bronson Vicksburg Hospital
2.16.840.1.113883.3.4806,McKenzie Health System
2.16.840.1.113883.3.5023.1,South Haven Health System
2.16.840.1.113883.3.5044,Covenant Healthcare
2.16.840.1.113883.3.5128,Dearborn
2.16.840.1.113883.3.5139,Trenton
2.16.840.1.113883.3.5140,Taylor
2.16.840.1.113883.3.5141,Wayne
2.16.840.1.113883.3.5330,Harbor Beach Community Hospital
2.16.840.1.113883.3.5342,Eaton Rapids Medical Center
2.16.840.1.113883.3.5416.1.10100,McLaren Thumb Region
2.16.840.1.113883.3.5416.1.10154,Ingham County Medical Care Facility
2.16.840.1.113883.3.5416.1.10212,Covenant HealthCare Transitional Care Unit
2.16.840.1.113883.3.5416.1.10215,Four Seasons Nursing Center of Westland
2.16.840.1.113883.3.5416.1.10413,Masonic Pathways
2.16.840.1.113883.3.5416.1.10414,Warwick Living Center
2.16.840.1.113883.3.5416.1.10415,Masonic Pathways Breathing Unit 
2.16.840.1.113883.3.5416.1.10545,Hallmark Living Benton Harbor 
2.16.840.1.113883.3.5416.1.10552,The Oasis at Adrian Rehabilitation and Healthcare Center - SNF
2.16.840.1.113883.3.5416.1.10553,Hastings Rehabilitation and Healthcare Center - SNF
2.16.840.1.113883.3.5416.1.10554,The Oasis at Monroe Rehabilitation and Healthcare Center - SNF
2.16.840.1.113883.3.5416.1.10897,Menominee Care Center
2.16.840.1.113883.3.5416.1.10898,PROMEDICA HOME CARE OF DUNDEE
2.16.840.1.113883.3.5416.1.11642,Laurels of Bedford
2.16.840.1.113883.3.5416.1.117,ST FRANCIS HOSPITAL
2.16.840.1.113883.3.5416.1.12103,Allegan County Community Mental Health
2.16.840.1.113883.3.5416.1.12229,Brookdale Home Health - Detroit
2.16.840.1.113883.3.5416.1.12231,Promedica Hospice of Coldwater HS
2.16.840.1.113883.3.5416.1.12232,Majestic Care of Livonia
2.16.840.1.113883.3.5416.1.12236,Elara Caring - BAT
2.16.840.1.113883.3.5416.1.12237,Elara Caring - KAL
2.16.840.1.113883.3.5416.1.12238,Belle Fountain Nursing and Rehabilitation Center
2.16.840.1.113883.3.5416.1.134.1,ProMedica Monroe Regional Hospital
2.16.840.1.113883.3.5416.1.1485,Mackinac Straits Health Systems
2.16.840.1.113883.3.5416.1.1485.1,Mackinac Straits Hospital
2.16.840.1.113883.3.5416.1.1485.3,Mackinac Island Medical Center
2.16.840.1.113883.3.5416.1.1568,JACKSON ENDOCRINOLOGY
2.16.840.1.113883.3.5416.1.18,MidMichigan Medical Center - West Branch
2.16.840.1.113883.3.5416.1.2807,CASCADE RIDGE FAMILY MEDICINE
2.16.840.1.113883.3.5416.1.2837,Advantage Living Center- Harper Woods    
2.16.840.1.113883.3.5416.1.2838,Advantage Living Center- Redford                               
2.16.840.1.113883.3.5416.1.2839,Advantage Living Center- Wayne                
2.16.840.1.113883.3.5416.1.2840,Advantage Living Center- Roseville                             
2.16.840.1.113883.3.5416.1.2841,Alpha Manor Nursing Home  
2.16.840.1.113883.3.5416.1.2842,-
2.16.840.1.113883.3.5416.1.2843,Autumnwood of Livonia  
2.16.840.1.113883.3.5416.1.2844,Autumnwood of McBain  
2.16.840.1.113883.3.5416.1.2845,Advantage Living Center-Battle Creek
2.16.840.1.113883.3.5416.1.2846,Bloomfield Orchard Villa  
2.16.840.1.113883.3.5416.1.2847,Boulevard Temple Care Center
2.16.840.1.113883.3.5416.1.2848,Camelot Hall Convalescent Center  
2.16.840.1.113883.3.5416.1.2849,Christian Park Healthcare Center  
2.16.840.1.113883.3.5416.1.2850,Christian Park Village  
2.16.840.1.113883.3.5416.1.2851,Eastwood Convalescent Center
2.16.840.1.113883.3.5416.1.2852,Fountain View of Monroe    
2.16.840.1.113883.3.5416.1.2853,Four Seasons Nursing-Courtney Manor
2.16.840.1.113883.3.5416.1.2854,Hartford Senior Care and Rehab
2.16.840.1.113883.3.5416.1.2855,Hickory Ridge of Temperance  
2.16.840.1.113883.3.5416.1.2856,Kith Haven    
2.16.840.1.113883.3.5416.1.2857,Lakeview Manor Healthcare
2.16.840.1.113883.3.5416.1.2858,Midland Nursing Center-Brittany Manor
2.16.840.1.113883.3.5416.1.2859,Medilodge of Capital Area
2.16.840.1.113883.3.5416.1.2860,Qualicare Nursing Home   
2.16.840.1.113883.3.5416.1.2861,Regency at Bluffs Park    
2.16.840.1.113883.3.5416.1.2862,Regency at Grand Blanc    
2.16.840.1.113883.3.5416.1.2863,Medilodge of Cass City
2.16.840.1.113883.3.5416.1.2864,MediLodge of Clare
2.16.840.1.113883.3.5416.1.2865,Medilodge of Farmington
2.16.840.1.113883.3.5416.1.2866,Medilodge of Marshall
2.16.840.1.113883.3.5416.1.2867,Medilodge of Frankenmuth
2.16.840.1.113883.3.5416.1.2868,MediLodge of Midland
2.16.840.1.113883.3.5416.1.2869,Medilodge of Grand Blanc
2.16.840.1.113883.3.5416.1.2870,MediLodge of Mt. Pleasant
2.16.840.1.113883.3.5416.1.2871,Medilodge of Holland
2.16.840.1.113883.3.5416.1.2872,Medilodge of Okemos
2.16.840.1.113883.3.5416.1.2873,Medilodge of Kalamazoo
2.16.840.1.113883.3.5416.1.2874,Medilodge of Portage
2.16.840.1.113883.3.5416.1.2875,Medilodge of Lansing
2.16.840.1.113883.3.5416.1.2876,Medilodge of Westwood
2.16.840.1.113883.3.5416.1.2877,Medilodge of Wyoming
2.16.840.1.113883.3.5416.1.2878,Medilodge of Livingston
2.16.840.1.113883.3.5416.1.2879,Regency at Lansing West
2.16.840.1.113883.3.5416.1.2880,Regency at Shelby Township
2.16.840.1.113883.3.5416.1.2881,Regency at Waterford
2.16.840.1.113883.3.5416.1.2882,Regency at Whitmore Lake    
2.16.840.1.113883.3.5416.1.2883,Regency Heights Detroit
2.16.840.1.113883.3.5416.1.2884,Regency of Canton
2.16.840.1.113883.3.5416.1.2885,Regency on the Lake  
2.16.840.1.113883.3.5416.1.2886,Royalton Manor    
2.16.840.1.113883.3.5416.1.2887,Advantage Living Center-Samaritan
2.16.840.1.113883.3.5416.1.2888,Sheffield Manor Nursing Rehab    
2.16.840.1.113883.3.5416.1.2889,Advantage Living Center-Northwest
2.16.840.1.113883.3.5416.1.2890,Advantage Living Center-Southgate
2.16.840.1.113883.3.5416.1.2891,St. Anthony Healthcare Center    
2.16.840.1.113883.3.5416.1.2892,St. Mary's Nursing Rehab    
2.16.840.1.113883.3.5416.1.2893,Notting Hill of West Bloomfield
2.16.840.1.113883.3.5416.1.2896,The Lodge at Taylor
2.16.840.1.113883.3.5416.1.2898,Omni Continuing Care    
2.16.840.1.113883.3.5416.1.2899,Willowbrook Manor  
2.16.840.1.113883.3.5416.1.2900,The Manor of Farmington Hills   
2.16.840.1.113883.3.5416.1.2901,The Manor of Novi    
2.16.840.1.113883.3.5416.1.2987,Medilodge of Hillman
2.16.840.1.113883.3.5416.1.3059,Medilodge of Plymouth
2.16.840.1.113883.3.5416.1.3185,Medilodge of Monroe
2.16.840.1.113883.3.5416.1.3186,Medilodge of Sterling Heights
2.16.840.1.113883.3.5416.1.3761,Medilodge of Howell
2.16.840.1.113883.3.5416.1.389,Deckerville Community Hospital
2.16.840.1.113883.3.5416.1.4133,Medilodge of Campus Area
2.16.840.1.113883.3.5416.1.4134,Medilodge of East Lansing
2.16.840.1.113883.3.5416.1.4422,Medilodge of Montrose
2.16.840.1.113883.3.5416.1.4456,Villa at West Branch
2.16.840.1.113883.3.5416.1.4479,Bay Shores Nursing Center
2.16.840.1.113883.3.5416.1.4480,Dimondale Nursing Care Center
2.16.840.1.113883.3.5416.1.4481,Fisher Senior Care and Rehab Center
2.16.840.1.113883.3.5416.1.4482,Durand Senior Care and Rehab Center
2.16.840.1.113883.3.5416.1.4483,Four Chaplains Nursing Care Centre
2.16.840.1.113883.3.5416.1.4484,West Oaks Senior Care and Rehab Center
2.16.840.1.113883.3.5416.1.4485,Evergreen Senior Care and Rehab Center
2.16.840.1.113883.3.5416.1.4486,Fairlane Senior Care and Rehab Center
2.16.840.1.113883.3.5416.1.4487,Holt Senior Care and Rehab Center
2.16.840.1.113883.3.5416.1.4488,Faith Haven Senior Care Center
2.16.840.1.113883.3.5416.1.4490,Lahser Hills Care Centre
2.16.840.1.113883.3.5416.1.4491,Belle Fountain Nursing & Rehabilitation Center
2.16.840.1.113883.3.5416.1.4492,Lakepointe Senior Care and Rehab Center
2.16.840.1.113883.3.5416.1.4493,Wellbridge of Brighton
2.16.840.1.113883.3.5416.1.4494,Autumn Woods Residential Health Care
2.16.840.1.113883.3.5416.1.4495,Oakpointe Senior Care and Rehab Center
2.16.840.1.113883.3.5416.1.4496,Hoyt Nursing & Rehab
2.16.840.1.113883.3.5416.1.4497,"WellBridge of Fenton, LLC"
2.16.840.1.113883.3.5416.1.4498,Saginaw Senior Care and Rehab Center
2.16.840.1.113883.3.5416.1.4499,Wellbridge of Novi
2.16.840.1.113883.3.5416.1.4500,Schnepp Senior Care and Rehab Center
2.16.840.1.113883.3.5416.1.4501,"WellBridge of Pinckney, LLC"
2.16.840.1.113883.3.5416.1.4502,"Wellbridge of Rochester Hills, LCC"
2.16.840.1.113883.3.5416.1.4503,South Lyon Senior Care and Rehab Center
2.16.840.1.113883.3.5416.1.4504,"Wellbridge of Romeo, LLC"
2.16.840.1.113883.3.5416.1.4590,Heartland of Holland
2.16.840.1.113883.3.5416.1.4591,SKLD West Bloomfield
2.16.840.1.113883.3.5416.1.4592,SKLD Bloomfield Hills
2.16.840.1.113883.3.5416.1.4593,SKLD Grand Rapids South
2.16.840.1.113883.3.5416.1.4594,Heartland Healthcare Center-Grosse Pointe Woods
2.16.840.1.113883.3.5416.1.4595,Heartland Healthcare Center-Livonia
2.16.840.1.113883.3.5416.1.4596,SKLD Livonia
2.16.840.1.113883.3.5416.1.4597,SKLD Plymouth
2.16.840.1.113883.3.5416.1.4598,Heartland Healthcare Center-Sterling Heights
2.16.840.1.113883.3.5416.1.4599,Heartland Healthcare Center-Allen Park
2.16.840.1.113883.3.5416.1.4605,Heartland Healthcare Center-Ann Arbor
2.16.840.1.113883.3.5416.1.4606,Father Murray Nursing Center
2.16.840.1.113883.3.5416.1.4607,Allegra Nursing and Rehab
2.16.840.1.113883.3.5416.1.4608,Heartland Healthcare Center-Battle Creek
2.16.840.1.113883.3.5416.1.4609,Heartland Healthcare Center-Kalamazoo
2.16.840.1.113883.3.5416.1.4610,Imperial Nursing and Rehabilitation Centre
2.16.840.1.113883.3.5416.1.4611,Heartland Healthcare Center-Briarwood
2.16.840.1.113883.3.5416.1.4612,SKLD Musgeogon
2.16.840.1.113883.3.5416.1.4613,Regency Nursing & Rehabilitation Healthcare Centre
2.16.840.1.113883.3.5416.1.4614,Heartland Healthcare Center-Oakland
2.16.840.1.113883.3.5416.1.4615,Heartland Healthcare Center-Canton
2.16.840.1.113883.3.5416.1.4616,Avista Healthcare and Rehab
2.16.840.1.113883.3.5416.1.4617,St Joseph's Nursing and Rehabilitation Centre
2.16.840.1.113883.3.5416.1.4618,SKLD Wyoming
2.16.840.1.113883.3.5416.1.4619,Heartland Healthcare Center-Three Rivers
2.16.840.1.113883.3.5416.1.4620,Heartland Healthcare Center-Dearborn Heights
2.16.840.1.113883.3.5416.1.4621,Westland Nursing and Rehabilitation Centre
2.16.840.1.113883.3.5416.1.4622,Heartland Healthcare Center-Fostrian
2.16.840.1.113883.3.5416.1.4623,SKLD Whitehall
2.16.840.1.113883.3.5416.1.4624,SKLD Grand Rapids North
2.16.840.1.113883.3.5416.1.4625,Manorcare Nursing of Kingsford
2.16.840.1.113883.3.5416.1.4626,Evergreen Health and Living Center
2.16.840.1.113883.3.5416.1.4627,Shelby Nursing Center
2.16.840.1.113883.3.5416.1.4628,Heartland Healthcare Center-Hampton
2.16.840.1.113883.3.5416.1.4629,Marvin & Betty Danto HC Center
2.16.840.1.113883.3.5416.1.4630,Ambassador Nursing and Rehab Center
2.16.840.1.113883.3.5416.1.4631,West Bloomfield Nursing Center
2.16.840.1.113883.3.5416.1.4632,SKLD Ionia
2.16.840.1.113883.3.5416.1.4633,Woodward Hills Nursing Center
2.16.840.1.113883.3.5416.1.4634,Medilodge of Milford
2.16.840.1.113883.3.5416.1.4635,Medilodge of Richmond
2.16.840.1.113883.3.5416.1.4636,Medilodge of Rochester Hills 
2.16.840.1.113883.3.5416.1.4637,Medilodge of Southfield
2.16.840.1.113883.3.5416.1.4638,Medilodge of Sterling
2.16.840.1.113883.3.5416.1.4670,Advantage Living Center-Armada
2.16.840.1.113883.3.5416.1.467.1,Helen Newberry Joy Hospital
2.16.840.1.113883.3.5416.1.4854,Westwood Nursing Center
2.16.840.1.113883.3.5416.1.4855,Beaconshire Nursing Center
2.16.840.1.113883.3.5416.1.4856,Chesaning Nursing Care Center
2.16.840.1.113883.3.5416.1.5015,The Bay at Woodward
2.16.840.1.113883.3.5416.1.5016,The Bay at Elmwood
2.16.840.1.113883.3.5416.1.5017,The Bay at Cranbrook
2.16.840.1.113883.3.5416.1.5193,Medilodge of Yale
2.16.840.1.113883.3.5416.1.5194,Medilodge of St. Clair
2.16.840.1.113883.3.5416.1.5195,Medilodge of Taylor
2.16.840.1.113883.3.5416.1.5196,Medilodge of Port Huron
2.16.840.1.113883.3.5416.1.5206,Villa at City Center
2.16.840.1.113883.3.5416.1.5242,Villa at Great Lakes Crossing
2.16.840.1.113883.3.5416.1.5243,Villa at Green Lake Estates
2.16.840.1.113883.3.5416.1.5244,Villa at Parkridge
2.16.840.1.113883.3.5416.1.5245,Villa at Silverbell Estates
2.16.840.1.113883.3.5416.1.5246,Villa at the Park
2.16.840.1.113883.3.5416.1.5251,Lakeside Manor
2.16.840.1.113883.3.5416.1.5262,ShorePointe Nursing Center
2.16.840.1.113883.3.5416.1.6,Hills & Dales General Hospital
2.16.840.1.113883.3.5416.1.6271,Martha T Berry Medical Care Facility
2.16.840.1.113883.3.5416.1.6294,Wellspring Lutheran Services - Livonia Woods
2.16.840.1.113883.3.5416.1.6295,Wellspring Lutheran Services - Frankenmuth
2.16.840.1.113883.3.5416.1.6297,Fountain Bleu Health & Rehabilitation Center
2.16.840.1.113883.3.5416.1.6298,Wellspring Lutheran Services - Fairview
2.16.840.1.113883.3.5416.1.6299,Wellspring Lutheran Services - Monroe
2.16.840.1.113883.3.5416.1.7316,"Progress at Home, LLC"
2.16.840.1.113883.3.5416.1.7317,COMPASSIONATE HOME HEALTH CARE OF MILFORD
2.16.840.1.113883.3.5416.1.7323,Clinton Aire
2.16.840.1.113883.3.5416.1.7324,Botsford Commons Senior Community
2.16.840.1.113883.3.5416.1.7331,Aspirus Iron River Hospital
2.16.840.1.113883.3.5416.1.7366,Marywood Nursing Care Center
2.16.840.1.113883.3.5416.1.7367,BEAUMONT HOME CARE
2.16.840.1.113883.3.5416.1.7368,BEAUMONT HOSPICE CARE
2.16.840.1.113883.3.5416.1.7552,Cherrywood Nursing and Living
2.16.840.1.113883.3.5416.1.7707,The Village of East Harbor
2.16.840.1.113883.3.5416.1.7721,Boulevard Health Center
2.16.840.1.113883.3.5416.1.7812,Villa at Rose City
2.16.840.1.113883.3.5416.1.7813,Villa at the Bay
2.16.840.1.113883.3.5416.1.7814,Villa at Traverse Point
2.16.840.1.113883.3.5416.1.7866,Advantage Living Center - Warren
2.16.840.1.113883.3.5416.1.7898,Evangelical Homes - Saline
2.16.840.1.113883.3.5416.1.8006,HHA-RESIDENTIAL HOME HEALTH
2.16.840.1.113883.3.5416.1.8028,HHA-RESIDENTIAL RHH - GR
2.16.840.1.113883.3.5416.1.8029,HHA-RESIDENTIAL RHH - INFUSION
2.16.840.1.113883.3.5416.1.8030,HHA-RESIDENTIAL JOURNEY CARE TEAM
2.16.840.1.113883.3.5416.1.8031,RESIDENTIAL JOURNEY PROGRAM BRACH ONE
2.16.840.1.113883.3.5416.1.8032,"HHA-RESIDENTIAL HOSPICE, LLC"
2.16.840.1.113883.3.5416.1.8033,"HHA-RESIDENTIAL HOSPICE LANSING, LLC"
2.16.840.1.113883.3.5416.1.8034,HHA-RESIDENTIAL MARY FREE BED AT HOME
2.16.840.1.113883.3.5416.1.8035,HHA-RESIDENTIAL HOMETOWN
2.16.840.1.113883.3.5416.1.8036,HHA-RESIDENTIAL HOMETOWN HOSPICE
2.16.840.1.113883.3.5416.1.8059,Marwood Nursing & Rehab
2.16.840.1.113883.3.5416.1.81.1,PROMEDICA HERRICK HOSPITAL-PARENT
2.16.840.1.113883.3.5416.1.81.2,ProMedica Charles and Virginia Hickman Hospital
2.16.840.1.113883.3.5416.1.8296,Eaton County Health & Rehab
2.16.840.1.113883.3.5416.1.8322,Westlake Health Campus
2.16.840.1.113883.3.5416.1.8323,Novi Lakes Health Campus
2.16.840.1.113883.3.5416.1.8429,Great Lakes Caring - BIG
2.16.840.1.113883.3.5416.1.8430,Great Lakes Caring - BIH
2.16.840.1.113883.3.5416.1.8431,Great Lakes Caring - CLH
2.16.840.1.113883.3.5416.1.8438,Great Lakes Caring - ADH
2.16.840.1.113883.3.5416.1.8439,Great Lakes Caring - CLI
2.16.840.1.113883.3.5416.1.8440,Great Lakes Caring - KAL
2.16.840.1.113883.3.5416.1.8446,Great Lakes Caring - Senior Care BAT
2.16.840.1.113883.3.5416.1.8447,Great Lakes Caring - Senior Care BIN
2.16.840.1.113883.3.5416.1.8449,Great Lakes Caring - Senior Care BRI
2.16.840.1.113883.3.5416.1.8452,Great Lakes Caring - Senior Care GRA
2.16.840.1.113883.3.5416.1.8455,Great Lakes Caring - Senior Care LAN
2.16.840.1.113883.3.5416.1.8457,Great Lakes Caring - Senior Care LIV
2.16.840.1.113883.3.5416.1.8463,Great Lakes Caring - Senior Care STJ
2.16.840.1.113883.3.5416.1.8464,Great Lakes Caring - Senior Care REL
2.16.840.1.113883.3.5416.1.8466,Great Lakes Caring - Senior Care ADR
2.16.840.1.113883.3.5416.1.8528,Burcham Hills Retirement Center
2.16.840.1.113883.3.5416.1.8719,Windemere Park of Warren
2.16.840.1.113883.3.5416.1.8734,IHM Senior Living Ccommunity
2.16.840.1.113883.3.5416.1.8848,Superior Woods Healthcare Center 
2.16.840.1.113883.3.5416.1.8862,Oakland Manor
2.16.840.1.113883.3.5416.1.8870,Maple Woods Manor
2.16.840.1.113883.3.5416.1.8871,North Woods Nursing Center
2.16.840.1.113883.3.5416.1.8877,Caretel Inns of Tri-Cities
2.16.840.1.113883.3.5416.1.8878,Caretel Inns of Linden
2.16.840.1.113883.3.5416.1.8879,Caretel Inns of Lakeland
2.16.840.1.113883.3.5416.1.8880,Caretel Inns of Brighton
2.16.840.1.113883.3.5416.1.8881,Applewood Nursing Center
2.16.840.1.113883.3.5416.1.8883,Stonegate Health Campus
2.16.840.1.113883.3.5416.1.8884,The Willows at East Lansing
2.16.840.1.113883.3.5416.1.8885,The Willows at Okemos
2.16.840.1.113883.3.5416.1.8886,Shelby Crossing Health Campus
2.16.840.1.113883.3.5416.1.8887,The Oaks at Woodfield
2.16.840.1.113883.3.5416.1.8888,Lourdes Rehabilitation and Healthcare Center 
2.16.840.1.113883.3.5416.1.8938,Lake Orion Nursing and Rehabilitation
2.16.840.1.113883.3.5416.1.8939,Medilodge of Alpena
2.16.840.1.113883.3.5416.1.8940,Medilodge of Cheboygan
2.16.840.1.113883.3.5416.1.8941,Medilodge of Gaylord
2.16.840.1.113883.3.5416.1.8942,Medilodge of Green View
2.16.840.1.113883.3.5416.1.8943,Medilodge of Grand Traverse County
2.16.840.1.113883.3.5416.1.8944,Medilodge of Leelanau
2.16.840.1.113883.3.5416.1.8945,Medilodge of Ludington
2.16.840.1.113883.3.5416.1.8946,Medilodge of Munising
2.16.840.1.113883.3.5416.1.8947,Medilodge of Rogers City
2.16.840.1.113883.3.5416.1.8948,Medilodge of Sault Ste. Marie
2.16.840.1.113883.3.5416.1.8949,Medilodge of Tawas City
2.16.840.1.113883.3.5416.1.8950,Medilodge of Traverse City
2.16.840.1.113883.3.5416.1.8951,Lauresl of Mt Pleasant
2.16.840.1.113883.3.5416.1.8966,Medilodge of Shoreline
2.16.840.1.113883.3.5416.1.8968,Church of Christ Care Center
2.16.840.1.113883.3.5416.1.8976,The Carriage House of Bay City
2.16.840.1.113883.3.5416.1.8979,Villages of Lapeer
2.16.840.1.113883.3.5416.1.8984,Bay County Medical Care Facility
2.16.840.1.113883.3.5416.1.8985,Thornapple Manor
2.16.840.1.113883.3.5416.1.9318,Beaumont Health & Rehab (Beaumont Commons)
2.16.840.1.113883.3.5416.1.9327,Isabella County Medical Care Facility
2.16.840.1.113883.3.5416.1.9334,Wellbridge of Grand Blanc
2.16.840.1.113883.3.5416.1.9345,Wellbridge of Clarkston
2.16.840.1.113883.3.5416.1.9347,Heartland Home Care of Mt Pleasant
2.16.840.1.113883.3.5416.1.9348,Heartland Home Care of Caro
2.16.840.1.113883.3.5416.1.9349,Heartland Home Care of West Branch
2.16.840.1.113883.3.5416.1.9350,Heartland Home Care of Flint
2.16.840.1.113883.3.5416.1.9351,Heartland Home Care of Grand Rapids
2.16.840.1.113883.3.5416.1.9352,Heartland Home Care of Mason
2.16.840.1.113883.3.5416.1.9353,Heartland Home Care of Ann Arbor
2.16.840.1.113883.3.5416.1.9354,Heartland Home Care of Southfield
2.16.840.1.113883.3.5416.1.9407,Kindred at Home - Flint
2.16.840.1.113883.3.5416.1.9408,Kindred at Home - Grand Rapids
2.16.840.1.113883.3.5416.1.9409,Kindred at Home - Kalamazoo
2.16.840.1.113883.3.5416.1.9410,Medilodge at the Shore
2.16.840.1.113883.3.5416.1.9414,SKLD Zeeland
2.16.840.1.113883.3.5416.1.9561,HEARTLAND HOME CARE OF BAD AXE HS
2.16.840.1.113883.3.5416.1.9562,HEARTLAND HOME CARE OF LAPEER HS
2.16.840.1.113883.3.5416.1.9563,HEARTLAND HOME CARE OF FREMONT HS
2.16.840.1.113883.3.5416.1.9564,HEARTLAND HOME CARE OF KALAMAZOO HS
2.16.840.1.113883.3.5416.1.9565,HEARTLAND HOME CARE OF TRAVERSE CITY HS
2.16.840.1.113883.3.5416.1.9566,HEARTLAND HOME CARE OF BAY CITY HS
2.16.840.1.113883.3.5416.1.9567,HEARTLAND HOME CARE OF MOUNT PLEASANT HS
2.16.840.1.113883.3.5416.1.9568,HEARTLAND HOME CARE OF WEST BRANCH HS
2.16.840.1.113883.3.5416.1.9569,HEARTLAND HOME CARE OF FLINT HS
2.16.840.1.113883.3.5416.1.9570,HEARTLAND HOME CARE OF GRAND RAPIDS HS
2.16.840.1.113883.3.5416.1.9571,HEARTLAND HOME CARE OF MASON HS
2.16.840.1.113883.3.5416.1.9572,HEARTLAND HOME CARE OF ANN ARBOR HS
2.16.840.1.113883.3.5416.1.9573,HEARTLAND HOME CARE OF SOUTHFIELD HS
2.16.840.1.113883.3.5416.1.9886,GREAT LAKES CARING (BHVMI)EDW
2.16.840.1.113883.3.5416.1.9887,GREAT LAKES CARING (GLC)GRH
2.16.840.1.113883.3.5416.1.9888,GREAT LAKES CARING (GLC)JAH
2.16.840.1.113883.3.5416.1.9889,GREAT LAKES CARING (GLC) LAH
2.16.840.1.113883.3.5523,Schoolcraft Memorial Hospital
2.16.840.1.113883.3.5561,Kennedy Health System
2.16.840.1.113883.3.5794.1,JACKSON NEUROLOGY
2.16.840.1.113883.3.5794.2,JACKSON ORTHOPAEDICS
2.16.840.1.113883.3.5794.4,JACKSON RHEUMATOLOGY
2.16.840.1.113883.3.5794.6,JACKSON NEUROSURGERY
2.16.840.1.113883.3.5794.7,JACKSON OSTEOPOROSIS CTR
2.16.840.1.113883.3.5794.8,JACKSON PAIN CLINIC
2.16.840.1.113883.3.5794.9,JACKSON PHYS MED & REHAB
2.16.840.1.113883.3.6504,MANISTEE COUNTY MEDICAL CARE FACILITY
2.16.840.1.113883.3.6609,Bay Bluffs - Emmet County Medical Care Facility
2.16.840.1.113883.3.6769,"DMC Children's Hospital of Michigan - Troy, Michigan Facility"
2.16.840.1.113883.3.6863,Grand Traverse Pavilions
2.16.840.1.113883.3.7898,MidMichigan Medical Center - West Branch
2.16.840.1.113883.3.801.4.1,Detroit Medical Center - Harper Univ & Hutzel Hosp
2.16.840.1.113883.3.801.4.2,Detroit Medical Center - Detroit Receiving
2.16.840.1.113883.3.801.4.3,Detroit Medical Center - Sinai Grace Hospital
2.16.840.1.113883.3.801.4.4,DMC Huron Valley Sinai Hospital
2.16.840.1.113883.3.801.4.5,DMC-Childrens Hosp of Michigan
2.16.840.1.113883.3.801.4.6,Detroit Medical Center - Rehab Institute of MI
2.16.840.1.113883.3.801.4.7,DMC Surgery Hospital
2.16.840.1.113883.3.8257,Munising Memorial Hospital
2.16.840.1.113883.3.8257.1,Grand Marais Baycare Medical - MMH
2.16.840.1.113883.3.8257.2,Baycare Medical Center - MMH
2.16.840.1.113883.3.8686,Englewood Health
2.16.840.1.113883.3.891,BORGESS MEDICAL CENTER
2.16.840.1.113883.3.891.1,BORGESS-LEE MEMORIAL
2.16.840.1.113883.3.891.10,Ascension Medical Group ProMed Family Practice Three Rivers
2.16.840.1.113883.3.891.100,Ascension Medical Group BLMG-FM
2.16.840.1.113883.3.891.101,Ascension Medical Group - BLMG Pediatrics
2.16.840.1.113883.3.891.103,Ascension Borgess Hospital Neurointerventional Services
2.16.840.1.113883.3.891.104,Ascension Medical Group-Neurology-AL
2.16.840.1.113883.3.891.105,Ascension Borgess Hospital Neurology - BMC Campus
2.16.840.1.113883.3.891.106,Ascension Medical Group Neurology of KZ -Coldwater
2.16.840.1.113883.3.891.11,Ascension Borgess Hospital Borgess Women's Health - Currier
2.16.840.1.113883.3.891.110,Ascension Medical Group Neurology of KZ - Three Rivers
2.16.840.1.113883.3.891.112,Ascension Borgess Hospital Borgess Neurology - Westside
2.16.840.1.113883.3.891.114,Ascension Borgess Hospital Borgess Bone Joint Institute-MOB
2.16.840.1.113883.3.891.117,Borgess Outpatient
2.16.840.1.113883.3.891.118,Ascension Borgess Hospital Neurology
2.16.840.1.113883.3.891.119,Borgess Palliative Care - BMC
2.16.840.1.113883.3.891.123,Ascension Borgess Hospital Pulmonary Sleep Medicine - BHP
2.16.840.1.113883.3.891.124,Ascension Borgess Hospital Pulmonary Sleep Medicine Dowagiac
2.16.840.1.113883.3.891.125,Ascension Borgess Hospital Pulmonary Sleep Medicine - MSB
2.16.840.1.113883.3.891.126,Ascension Medical Group Pulmonary Sleep Medicine - TR
2.16.840.1.113883.3.891.127,Ascension Borgess Hospital Pulm Sleep-WB
2.16.840.1.113883.3.891.128,Ascension Borgess Hospital Rheumatology
2.16.840.1.113883.3.891.13,Woodbridge Family Practice
2.16.840.1.113883.3.891.131,Ascension Borgess Hospital Borgess Spine
2.16.840.1.113883.3.891.133,Ascension Borgess Hospital Surgical Specialties - Bariatric
2.16.840.1.113883.3.891.136,Ascension Borgess Hospital Surgical Specialties - General
2.16.840.1.113883.3.891.137,Borgess Surgical Specialties - Trauma Surgery
2.16.840.1.113883.3.891.139,Borgess Westside Laboratory & Radiology
2.16.840.1.113883.3.891.14,Woodbridge Pediatrics
2.16.840.1.113883.3.891.141,Ascension Borgess Hospital Borgess Women's Health - BHP
2.16.840.1.113883.3.891.142,Ascension Borgess Hospital Borgess Women's Health - MSB
2.16.840.1.113883.3.891.148,Ascension Borgess Hosp Wound Hyperbaric
2.16.840.1.113883.3.891.15,RADIOLOGY KOC
2.16.840.1.113883.3.891.179,Ascension Borgess Hospital DeLano Clinic - Currier Drive
2.16.840.1.113883.3.891.180,Ascension Borgess Hospital DeLano Clinic - Plainwell
2.16.840.1.113883.3.891.182,Ascension Borgess Hospital Family Medicine - Delton
2.16.840.1.113883.3.891.186,Ascension Borgess Hospital Diabetes Education - Shaffer
2.16.840.1.113883.3.891.187,Ascension Borgess Hospital Diabetes Education - Woodbridge
2.16.840.1.113883.3.891.2,BORGESS-PIPP HOSPITAL
2.16.840.1.113883.3.891.244,Ascension Borgess-Lee Hospital Oncology
2.16.840.1.113883.3.891.245,Ascension Borgess-Lee Hospital Outpatient
2.16.840.1.113883.3.891.260,Ascension Medical Group Neurosurg of KZ - Allegan
2.16.840.1.113883.3.891.261,Ascension Borgess Hospital Neurosurg of KZ - BMC Campus
2.16.840.1.113883.3.891.262,Ascension Borgess Hospital Neurosurg of KZ - Coldwater
2.16.840.1.113883.3.891.263,Ascension Borgess Hospital Neurosurg of KZ - Oaklawn
2.16.840.1.113883.3.891.264,Ascension Borgess Hospital Neurosurg of KZ - BHP
2.16.840.1.113883.3.891.266,Ascension Medical Group Neurosurg of KZ - Sturgis
2.16.840.1.113883.3.891.268,Ascension Borgess Hospital Neurosurg of KZ - West Main
2.16.840.1.113883.3.891.281,Ascension Borgess-Pipp Hospital Outpatient
2.16.840.1.113883.3.891.285,Promed Health All Sites
2.16.840.1.113883.3.891.286,Ascension Medical Group Family Medicine Woodbridge PDCM
2.16.840.1.113883.3.891.302,Ascension Borgess Hosp Heart Inst Diag
2.16.840.1.113883.3.891.311,SWMIC
2.16.840.1.113883.3.891.341,Woodbridge Immediate Care
2.16.840.1.113883.3.891.344,Ascension Borgess Hospital at Woodbridge Hills PST
2.16.840.1.113883.3.891.346,Woodbridge Walk-In Care Clinic
2.16.840.1.113883.3.891.35,AMG Anticoagulation Device Clinic-BHP
2.16.840.1.113883.3.891.352,Ascension Borgess Hospital Coumadin Clinic
2.16.840.1.113883.3.891.353,Ascension Borgess Hospital Diabetes Center - BHP
2.16.840.1.113883.3.891.354,Ascension Borgess Hospital Family and Internal Med - BHP
2.16.840.1.113883.3.891.355,BORGESS HEALTH PARK
2.16.840.1.113883.3.891.36,AMG Anticoagulation Device Clinic-CW
2.16.840.1.113883.3.891.361,Ascension Borgess Hospital Borgess Neurology - BC
2.16.840.1.113883.3.891.363,Ascension Borgess Hospital Borgess Orthopedics - BHP
2.16.840.1.113883.3.891.364,Ascension Borgess Hospital Surg Spec-WS
2.16.840.1.113883.3.891.365,Ascension Borgess Hospital Borgess Neurology - Marshall
2.16.840.1.113883.3.891.366,Ascension Medical Group - BLMG Walk in Convenient Care
2.16.840.1.113883.3.891.367,Ascension Borgess Hospital Stroke Clinic
2.16.840.1.113883.3.891.368,Ascension Medical Group Family Medicine Richland PDCM
2.16.840.1.113883.3.891.369,ECP Alamo HOS
2.16.840.1.113883.3.891.37,AMG Anticoagulation Device Clinic
2.16.840.1.113883.3.891.370,ECP Alamo NH
2.16.840.1.113883.3.891.371,ECP Alamo SNU
2.16.840.1.113883.3.891.372,ECP Amber Place ALF
2.16.840.1.113883.3.891.373,ECP Amber Way ALF
2.16.840.1.113883.3.891.374,ECP Borgess Place HOS
2.16.840.1.113883.3.891.375,ECP Borgess Place NH
2.16.840.1.113883.3.891.376,ECP Borgess Place SNU
2.16.840.1.113883.3.891.377,ECP Directors Hall ALF
2.16.840.1.113883.3.891.378,ECP Fontbonne Manor ALF
2.16.840.1.113883.3.891.379,ECP Friendship Village ALF
2.16.840.1.113883.3.891.380,ECP Friendship Village HOS
2.16.840.1.113883.3.891.381,ECP Friendship Village NH
2.16.840.1.113883.3.891.382,ECP Friendship Village SNU
2.16.840.1.113883.3.891.383,ECP Heartland Health HOS
2.16.840.1.113883.3.891.384,ECP Heartland Health NH
2.16.840.1.113883.3.891.385,ECP Heartland Health SNU
2.16.840.1.113883.3.891.386,ECP Home
2.16.840.1.113883.3.891.387,ECP Life Care Plainwell HOS
2.16.840.1.113883.3.891.388,ECP Life Care Plainwell NH
2.16.840.1.113883.3.891.389,ECP Life Care Plainwell SNU
2.16.840.1.113883.3.891.39,BORGESS AT WOODBRIDGE HILLS
2.16.840.1.113883.3.891.390,ECP Medilodge Kal HOS
2.16.840.1.113883.3.891.391,ECP Medilodge Kal NH
2.16.840.1.113883.3.891.392,ECP Medilodge Kal SNU
2.16.840.1.113883.3.891.393,ECP Medilodge Portage HOS
2.16.840.1.113883.3.891.394,ECP Medilodge Portage NH
2.16.840.1.113883.3.891.395,ECP Medilodge Portage SNU
2.16.840.1.113883.3.891.396,ECP Medilodge Westwood HOS
2.16.840.1.113883.3.891.397,ECP Medilodge Westwood NH
2.16.840.1.113883.3.891.398,ECP Medilodge Westwood SNU
2.16.840.1.113883.3.891.399,ECP New Friends ALF
2.16.840.1.113883.3.891.400,ECP Stanford Lodge ALF
2.16.840.1.113883.3.891.401,ECP The Fountains Bron ALF
2.16.840.1.113883.3.891.402,ECP The Fountains Bron HOS
2.16.840.1.113883.3.891.403,ECP The Fountains Bron NH
2.16.840.1.113883.3.891.404,ECP The Fountains Bron SNU
2.16.840.1.113883.3.891.405,ECP Upjohn Community HOS
2.16.840.1.113883.3.891.406,ECP Upjohn Community NH
2.16.840.1.113883.3.891.407,ECP Upjohn Community SNU
2.16.840.1.113883.3.891.408,ECP Wyndham West ALF
2.16.840.1.113883.3.891.409,Ascension Borgess Hospital Family and Internal Med-BHP PDCM
2.16.840.1.113883.3.891.410,Ascension Borgess Hospital Family Medicine - Delton PDCM
2.16.840.1.113883.3.891.411,Ascension Medical Group FM-PW-PDCM
2.16.840.1.113883.3.891.412,Ascension Borgess Hospital Family and Internal Med JS PDCM
2.16.840.1.113883.3.891.414,Ascension Borgess Hospital Internal Medicine - NPRO PDCM
2.16.840.1.113883.3.891.415,Ascension Borgess Hospital Internal Medicine - WB PDCM
2.16.840.1.113883.3.891.416,Ascension Medical Group - BLMG Dowagiac PDCM
2.16.840.1.113883.3.891.417,Ascension Medical Group Family Medicine Galesburg PDCM
2.16.840.1.113883.3.891.418,Ascension Medical Group Family Medicine Mattawan PDCM
2.16.840.1.113883.3.891.419,Ascension Medical Group Pediatrics Richland PDCM
2.16.840.1.113883.3.891.42,Borgess Cardiac Rehabilitation
2.16.840.1.113883.3.891.420,Ascension Medical Group Family Medicine Three Rivers PDCM
2.16.840.1.113883.3.891.422,WBIM Amber Place ALF
2.16.840.1.113883.3.891.423,WBIM Amber Way ALF
2.16.840.1.113883.3.891.424,WBIM Bickford Cottage ALF
2.16.840.1.113883.3.891.425,WBIM Crystal Woods ALF
2.16.840.1.113883.3.891.426,WBIM Directors Hall ALF
2.16.840.1.113883.3.891.427,WBIM Fountainview Portage ALF
2.16.840.1.113883.3.891.428,WBIM Friendship Village ALF
2.16.840.1.113883.3.891.429,WBIM Grace Valley ALF
2.16.840.1.113883.3.891.430,WBIM Home
2.16.840.1.113883.3.891.431,WBIM New Friends ALF
2.16.840.1.113883.3.891.432,WBIM Oakview Terrace ALF
2.16.840.1.113883.3.891.433,WBIM Park Place ALF
2.16.840.1.113883.3.891.434,WBIM Park Village Pines ALF
2.16.840.1.113883.3.891.435,WBIM Sues Loving Care ALF
2.16.840.1.113883.3.891.436,WBIM Wyndham West ALF
2.16.840.1.113883.3.891.44,Ascension Borgess Hospital Borgess Heart Institute - BHP
2.16.840.1.113883.3.891.440,Borgess CorpFit Occupational Health Clinic Battle Creek
2.16.840.1.113883.3.891.443,Ascension Borgess Hospital Borgess Flu Clinic
2.16.840.1.113883.3.891.445,Ascension Borgess Hospital Borgess Heart Institute-Westside
2.16.840.1.113883.3.891.448,Ascension Borgess Hospital Pulmonary Lung Nodule Clinic
2.16.840.1.113883.3.891.45,Ascension Borgess Hospital Borgess Heart Institute - Delton
2.16.840.1.113883.3.891.452,Ascension Borgess Hospital Borgess Spine - BHP
2.16.840.1.113883.3.891.453,Ascension Borgess Hospital Bariatric Center - BHP
2.16.840.1.113883.3.891.454,Ascension Borgess Hosp Surgical Serv-BHP
2.16.840.1.113883.3.891.455,Ascension Borgess Hospital Pulmonary Lung Nodule Clinic BHP
2.16.840.1.113883.3.891.456,Ascension Borgess Hosp Pulm Sleep-PLWL
2.16.840.1.113883.3.891.457,Ascension Borgess Hospital Neurosurg of KZ - Three Rivers
2.16.840.1.113883.3.891.458,Ascension Borgess Hospital Borgess Orthopedics - Gull
2.16.840.1.113883.3.891.459,Ascension Medical Group Borgess Orthopedics - Walk In
2.16.840.1.113883.3.891.46,Ascension Medical Group Borgess Heart Institute - Hillsdale
2.16.840.1.113883.3.891.462,Ascension Borgess Hospital DeLano Clinic - Woodbridge
2.16.840.1.113883.3.891.463,Ascension Medical Group DeLano Clinic - Three Rivers
2.16.840.1.113883.3.891.464,Ascension Borgess Hospital DeLano Clinic - Mattawan
2.16.840.1.113883.3.891.465,Ascension Borgess Hospital DeLano Clinic - BHP
2.16.840.1.113883.3.891.466,Ascension Borgess Hospital DeLano Clinic - Galesburg
2.16.840.1.113883.3.891.467,Ascension Borgess Hospital DeLano Clinic - Delton
2.16.840.1.113883.3.891.468,Ascension Borgess Hospital DeLano Clinic - John St
2.16.840.1.113883.3.891.47,Ascension Borgess Hospital Borgess Heart Institute-North Pro
2.16.840.1.113883.3.891.470,Ascension Borgess Hospital DeLano Clinic - Angling
2.16.840.1.113883.3.891.471,Ascension Borgess Hospital DeLano Clinic - NPro
2.16.840.1.113883.3.891.472,Ascension Borgess Hospital DeLano Clinic - Richland
2.16.840.1.113883.3.891.473,Ascension Borgess Hospital DeLano Clinic - Telemed Currier
2.16.840.1.113883.3.891.474,ECP Laurels of Galesburg HOS
2.16.840.1.113883.3.891.475,ECP Laurels of Galesburg NH
2.16.840.1.113883.3.891.476,ECP Laurels of Galesburg SNU
2.16.840.1.113883.3.891.477,ECP Crystal Woods ALF
2.16.840.1.113883.3.891.478,ECP Oakview Terrace ALF
2.16.840.1.113883.3.891.479,ECP Park Village Pine ALF
2.16.840.1.113883.3.891.480,ECP Grace Healthcare of Three Rivers HOS
2.16.840.1.113883.3.891.481,ECP Grace Healthcare of Three Rivers SNU
2.16.840.1.113883.3.891.482,ECP Grace Healthcare of Three Rivers NH
2.16.840.1.113883.3.891.483,Ascension Borgess Hospital Orthopedics - Fontbonne Manor
2.16.840.1.113883.3.891.484,Ascension Borgess Hospital Pulmonary Hypertension Clinic
2.16.840.1.113883.3.891.485,Ascension Medical Group Telecardiology - Sturgis
2.16.840.1.113883.3.891.486,Ascension Borgess Hospital Borgess Westside Family Medicine
2.16.840.1.113883.3.891.487,Ascension Borgess Hospital Westside IMC
2.16.840.1.113883.3.891.488,Ascension Borgess Hosp Westside FM PDCM
2.16.840.1.113883.3.891.489,Ascension Borgess Hospital The Surgical Group
2.16.840.1.113883.3.891.490,Ascension Borgess Hospital Borgess Heart Institute Allegan
2.16.840.1.113883.3.891.491,Ascension Borgess Hospital Borgess Orthopedics Westside
2.16.840.1.113883.3.891.492,Ascension Borgess Hospital Borgess Pulmonary Sleep Allegan
2.16.840.1.113883.3.891.493,Ascension Borgess Hospital Borgess Westside Family Med II
2.16.840.1.113883.3.891.494,Ascension Borgess Hospital Cardio Oncology
2.16.840.1.113883.3.891.495,Ascension Borgess Hospital Diabetes Center - WB
2.16.840.1.113883.3.891.496,Ascension Borgess Hospital Diabetes Education - BHP
2.16.840.1.113883.3.891.497,Ascension Borgess Hospital Early Atherosclerosis Clinic
2.16.840.1.113883.3.891.498,Ascension Borgess Hospital FM John St RD
2.16.840.1.113883.3.891.499,Ascension Borgess Hospital Family Med BHP RD
2.16.840.1.113883.3.891.50,Ascension Borgess Hospital Cardiothoracic Surgery - Shaffer
2.16.840.1.113883.3.891.500,Ascension Borgess Hospital Family Med North Pro RD
2.16.840.1.113883.3.891.501,Ascension Borgess Hospital Family Med WS RD
2.16.840.1.113883.3.891.502,Ascension Borgess Hospital Family Medicine - Delton II
2.16.840.1.113883.3.891.503,Ascension Borgess Hospital Internal Med WB RD
2.16.840.1.113883.3.891.504,Ascension Borgess Hospital Palliative Care NPRO
2.16.840.1.113883.3.891.505,Ascension Borgess Hospital Pulmonary Embolism Clinic
2.16.840.1.113883.3.891.506,Ascension Borgess Hospital Structural Heart Clinic
2.16.840.1.113883.3.891.507,Ascension Borgess Hospital The Surgical Group Allegan
2.16.840.1.113883.3.891.508,Ascension Borgess Hospital The Surgical Group Lee
2.16.840.1.113883.3.891.509,Ascension Borgess Hospital The Surgical Grp BHP
2.16.840.1.113883.3.891.510,Ascension Borgess Hospital The Surgical Grp Diag
2.16.840.1.113883.3.891.511,Ascension Borgess Hospital The Surgical Grp WS
2.16.840.1.113883.3.891.512,Ascension Borgess Hospital Vascular Screening Clinic
2.16.840.1.113883.3.891.513,Ascension Borgess Hospital Womens Health Allegan
2.16.840.1.113883.3.891.514,Ascension Borgess Oncology Clinic Sturgis
2.16.840.1.113883.3.891.515,Ascension Borgess Orthopedic Associates (BOA)
2.16.840.1.113883.3.891.516,Ascension Borgess Rehab 11th Street
2.16.840.1.113883.3.891.517,Ascension Medical Group BLMG Ortho High
2.16.840.1.113883.3.891.518,Ascension Medical Group Behavioral Health Sturgis
2.16.840.1.113883.3.891.519,Ascension Medical Group Borgess Family Med-Plainwell II
2.16.840.1.113883.3.891.520,Ascension Medical Group Borgess Lung Nodule Clinic Allegan
2.16.840.1.113883.3.891.521,Ascension Medical Group Family Medicine Colon
2.16.840.1.113883.3.891.522,Ascension Medical Group Family Medicine Milham
2.16.840.1.113883.3.891.523,Ascension Medical Group Family Medicine Sturgis I
2.16.840.1.113883.3.891.524,Ascension Medical Group Family Medicine Sturgis II
2.16.840.1.113883.3.891.525,Ascension Medical Group General Surgery Allegan
2.16.840.1.113883.3.891.526,Ascension Medical Group Orthopedics - Sturgis
2.16.840.1.113883.3.891.527,Ascension Medical Group Pediatrics Milham
2.16.840.1.113883.3.891.528,Ascension Medical Group Pediatrics Sturgis
2.16.840.1.113883.3.891.529,Ascension Medical Group Sturgis Walk In Clinic
2.16.840.1.113883.3.891.530,Ascension Medical Group Surgical Services - Sturgis
2.16.840.1.113883.3.891.531,Ascension Medical Group Womens Health - Sturgis
2.16.840.1.113883.3.891.533,ECP Allegan Co MCC HOS
2.16.840.1.113883.3.891.534,ECP Allegan Co MCC NH
2.16.840.1.113883.3.891.535,ECP Allegan Co MCC SNF
2.16.840.1.113883.3.891.536,ECP Ely Manor HOS
2.16.840.1.113883.3.891.537,ECP Ely Manor NH
2.16.840.1.113883.3.891.538,ECP Ely Manor SNF
2.16.840.1.113883.3.891.539,ECP Meadow Woods HOS
2.16.840.1.113883.3.891.54,Ascension Borgess Hospital Diabetes Center - Shaffer
2.16.840.1.113883.3.891.540,ECP Meadow Woods NH
2.16.840.1.113883.3.891.541,ECP Meadow Woods SNF
2.16.840.1.113883.3.891.542,PALC Amber Place ALF
2.16.840.1.113883.3.891.543,PALC Amber Way ALF
2.16.840.1.113883.3.891.544,PALC Ascension HOME
2.16.840.1.113883.3.891.545,PALC Ascension Living Borgess Place HOS
2.16.840.1.113883.3.891.546,PALC Ascension Living Borgess Place NH
2.16.840.1.113883.3.891.547,PALC Ascension Living Borgess Place SNU
2.16.840.1.113883.3.891.548,PALC Bickford Cottage ALF
2.16.840.1.113883.3.891.549,PALC Directors Hall ALF
2.16.840.1.113883.3.891.55,Borgess Diagnostics Delton
2.16.840.1.113883.3.891.550,PALC Fontebonne Manor ALF
2.16.840.1.113883.3.891.551,PALC Friendship Village ALF
2.16.840.1.113883.3.891.552,PALC Friendship Village NH
2.16.840.1.113883.3.891.553,PALC Friendship Village SNU
2.16.840.1.113883.3.891.554,PALC Medilodge Kal NH
2.16.840.1.113883.3.891.555,PALC Medilodge Kal SNU
2.16.840.1.113883.3.891.556,PALC Medilodge Portage NH
2.16.840.1.113883.3.891.557,PALC Medilodge Portage SNU
2.16.840.1.113883.3.891.558,PALC Medilodge Westwood HOS
2.16.840.1.113883.3.891.559,PALC Medilodge Westwood NH
2.16.840.1.113883.3.891.56,Borgess Family  Medicine - Spine
2.16.840.1.113883.3.891.560,PALC Medilodge Westwood SNU
2.16.840.1.113883.3.891.561,PALC New Friends ALF
2.16.840.1.113883.3.891.562,PALC Park Village Pines ALF
2.16.840.1.113883.3.891.563,PALC The Fountains Bron ALF
2.16.840.1.113883.3.891.564,PALC The Fountains Bron NH
2.16.840.1.113883.3.891.565,PALC The Fountains Bron SNU
2.16.840.1.113883.3.891.566,PALC Upjohn Community NH
2.16.840.1.113883.3.891.567,PALC Upjohn Community SNU
2.16.840.1.113883.3.891.568,PALC Wyndham West ALF
2.16.840.1.113883.3.891.569,WBIM Northwoods ALF
2.16.840.1.113883.3.891.57,Ascension Borgess Hospital Family and Internal Med-John St
2.16.840.1.113883.3.891.571,Ascension Borgess Hospital Delano Clinic WH- Woodbridge
2.16.840.1.113883.3.891.572,Ascension Borgess Hospital Delano Clinic WH- MSB
2.16.840.1.113883.3.891.573,Ascension Medical Group Pediatrics Mattawan
2.16.840.1.113883.3.891.574,Ascension Medical Group Pediatrics Richland
2.16.840.1.113883.3.891.575,Ascension Medical Group Family Medicine Three Rivers
2.16.840.1.113883.3.891.576,Ascension Medical Group Family Medicine Woodbridge
2.16.840.1.113883.3.891.577,Ascension Medical Group Family Medicine WIC Woodbridge
2.16.840.1.113883.3.891.578,Ascension Medical Group Family Medicine Galesburg
2.16.840.1.113883.3.891.579,Ascension Medical Group Family Medicine Mattawan
2.16.840.1.113883.3.891.580,Ascension Medical Group Family Medicine Richland
2.16.840.1.113883.3.891.581,Ascension Borgess Orthopedic Associates (BOA) Westside
2.16.840.1.113883.3.891.582,PALC Laurels of Galesburg HOS
2.16.840.1.113883.3.891.583,PALC Laurels of Galesburg NH
2.16.840.1.113883.3.891.584,PALC Laurels of Galesburg SNF
2.16.840.1.113883.3.891.585,Ascension Medical Group Pediatrics Milham PDCM
2.16.840.1.113883.3.891.586,Ascension Medical Group Pediatrics Bright Futures
2.16.840.1.113883.3.891.587,Ascension Medical Group Pediatrics Mattawan PDCM
2.16.840.1.113883.3.891.588,Ascension Medical Group Pediatrics MSB
2.16.840.1.113883.3.891.589,Ascension Medical Group Womens Health Woodbridge
2.16.840.1.113883.3.891.590,Ascension Medical Group Pediatrics Three Rivers
2.16.840.1.113883.3.891.591,Ascension Borgess Hospital DeLano Clinic - Woodbridge II
2.16.840.1.113883.3.891.592,Ascension Medical Group - BLMG Diabetes
2.16.840.1.113883.3.891.593,Ascension Borgess Hospital Spine - Woodbridge
2.16.840.1.113883.3.891.60,Ascension Borgess Hosp Diab Ed-Plainwell
2.16.840.1.113883.3.891.610,Ascension Borgess Lee Vaccination Clinic
2.16.840.1.113883.3.891.611,Ascension Medical Group FM RI Vaccination Clinic
2.16.840.1.113883.3.891.612,Ascension Medical Group FM WB Vaccination Clinic
2.16.840.1.113883.3.891.613,Ascension Medical Group FM TR Vaccination Clinic
2.16.840.1.113883.3.891.614,Ascension Borgess Hosp FMIM BHP Vaccination Clinic
2.16.840.1.113883.3.891.615,Ascension Borgess Hosp Westside FM Vaccination Clinic
2.16.840.1.113883.3.891.616,Ascension Medical Group Down East Medical-PDCM
2.16.840.1.113883.3.891.617,Ascension Medical Group Pediatrics Bright Futures-PDCM
2.16.840.1.113883.3.891.618,Ascension Medical Group FM Sturgis II-PDCM
2.16.840.1.113883.3.891.619,Ascension Medical Group FM Colon-PDCM
2.16.840.1.113883.3.891.64,Ascension Medical Group Borgess Family Medicine - Plainwell
2.16.840.1.113883.3.891.67,Borgess Gardens
2.16.840.1.113883.3.891.7,Mattawan Family Practice
2.16.840.1.113883.3.891.74,Ascension Medical Group Borgess Heart Institute - Coldwater
2.16.840.1.113883.3.891.76,Ascension Borgess Hospital Borgess Heart Institute-Marshall
2.16.840.1.113883.3.891.77,Ascension Borgess Hospital Borgess Heart Institute-Mattawan
2.16.840.1.113883.3.891.79,Ascension Borgess Hospital Borgess Heart Institute-Plainwell
2.16.840.1.113883.3.891.8,RICHLAND FAMILY PRACTICE
2.16.840.1.113883.3.891.81,Ascension Borgess Hospital Borgess Heart Institute - MOB
2.16.840.1.113883.3.891.82,Ascension Medical Group Borgess Heart Institute - Sturgis
2.16.840.1.113883.3.891.83,Ascension Medical Group Borgess Heart Institute-Three Rivers
2.16.840.1.113883.3.891.85,Ascension Borgess Hospital Heart Failure Clinic
2.16.840.1.113883.3.891.87,Borgess Internal Medicine - Columbia Ave
2.16.840.1.113883.3.891.9,RICHLAND PEDIATRICS
2.16.840.1.113883.3.891.90,Ascension Borgess Hospital Internal Medicine - North Pro
2.16.840.1.113883.3.891.92,Ascension Borgess Hospital Internal Medicine - Woodbridge
2.16.840.1.113883.3.891.94,Ascension Medical Group - BLMG Cardiology
2.16.840.1.113883.3.891.95,Ascension Medical Group - BLMG General Surgery
2.16.840.1.113883.3.891.96,Ascension Medical Group - BLMG Ortho
2.16.840.1.113883.3.891.97,Borgess Lee Medical Group - Cassopolis
2.16.840.1.113883.3.891.98,Ascension Medical Group BLMG-Delano
2.16.840.1.113883.3.992,Memorial Healthcare
2.16.840.1.113883.4.497.1,Marlette Hospital
2.16.840.1.113883.9.9001,"Arthur Vendola, MD"
2.16.840.1.113883.9.9002,Asthma Allergy Centers SW Michigan
2.16.840.1.113883.9.9003,Cardon & Sorrow Oral & Maxillofacial Sur
2.16.840.1.113883.9.9004,"Nitin R. Ambani, MD"
2.16.840.1.113883.9.9005,"Cherly A. Collette, DO"
2.16.840.1.113883.9.9006,Dr. Martins Foot Ankle Clinic
2.16.840.1.113883.9.9007,"David P. Prough, MD"
2.16.840.1.113883.9.9008,"Donald C. Jones, MD"
2.16.840.1.113883.9.9009,"Donna M O'Neill, MD"
2.16.840.1.113883.9.9010,"Saeed A Mian, MD, PC"
2.16.840.1.113883.9.9011,"Imdad H. Butt, MD"
2.16.840.1.113883.9.9012,Jackson Family Medical
2.16.840.1.113883.9.9013,"Podiatric Surgeons, PC"
2.16.840.1.113883.9.9014,"Kidney & Hypertension Specialist, PLLC"
2.16.840.1.113883.9.9015,Summit Podiatry Group PC
2.16.840.1.113883.9.9016,Mid Michigan Gastroenterology
2.16.840.1.113883.9.9017,"Moses Muzquiz, MD Cardiologist"
2.16.840.1.113883.9.9018,Walter Korytowsky MD PC
2.16.840.1.113883.9.9019,Parkside Pediatric Clinic
2.16.840.1.113883.9.9020,Phillip Frantzis MD
2.16.840.1.113883.9.9021,Rose City Family Practice
2.16.840.1.113883.9.9022,Sacred Heart Pediatrics
2.16.840.1.113883.9.9023,Specialty Eye Institute
2.16.840.1.113883.9.9024,Jackson Orthopedic Specialists
2.16.840.1.113883.9.9025,Center For Sight
2.16.840.1.113883.9.9026,"Umesh Verma, MD"
2.16.840.1.113883.9.9027,Womans First Health Services
2.16.840.1.113883.9.9028,Women's Alliance
2.16.840.1.113883.9.9029,Jackson Orthopaedic Care & Surgery
2.16.840.1.113883.9.9030,PACE SFD – Pace Southfield
2.16.840.1.113883.9.9031,PACE RVT – Pace Rivertown
2.16.840.1.113883.9.9032,PACE EPT – Pace Eastpointe
2.16.840.1.113883.9.9033,PACE DBN – Pace Dearborn
2.16.840.1.113883.9.9034,PACE STH – Pace Sterling Heights
2.16.840.1.113883.9.9999,Garcia Laboratory
